# Image Name = BSA_21_001_norm_00000, Mask Path = /ibira/lnls/beamlines/sapucaia/proposals/20262585/proc/mask_BSA.npy, Azimuth Min (deg) = -180, Azimuth Max (deg) = 180,  
# X Unit = q_nm^-1, Polarization = None, X Min = 0.06316422205592498, X Max = 5.309234759453786,  
# Error Model = poisson, N Bins = 2000, Norm Factor = 1, Solid Angle = yes,  
# Poni File = None, Samp-Det Dist (m) = 1.44, X Center (px) = 635, Y Center (px) = 2442,  
# X Pixel (μm) = 55, Y Pixel (μm) = 55, Tilt (deg) = 0, Tilt Plan Rot (deg) = 0,  
# Tilt3 (deg) = 0, Wavelength (Å) = 1.549, Spline = None, 
# q	Intensity	std
0.06316422205592498	259502.640625	86.31983947753906
0.06578856949834512	246605.375	44.43006896972656
0.06841291694076526	231984.3125	34.57276153564453
0.0710372643831854	220726.078125	30.087310791015625
0.07366161182560554	213889.046875	27.012956619262695
0.07628595926802569	197706.59375	23.89174461364746
0.07891030671044583	192510.09375	21.626562118530273
0.08153465415286595	187837.515625	19.442218780517578
0.08415900159528611	177169.46875	18.179561614990234
0.08678334903770624	169803.375	17.3592529296875
0.08940769648012639	163666.296875	16.538715362548828
0.09203204392254652	160414.390625	16.10577964782715
0.09465639136496666	154388.84375	15.555163383483887
0.0972807388073868	149586.046875	15.007341384887695
0.09990508624980694	145304.734375	14.56734561920166
0.10252943369222708	144863.75	14.366299629211426
0.10515378113464723	137939.421875	13.69804573059082
0.10777812857706737	135415.5	13.352823257446289
0.11040247601948751	131766.03125	13.041943550109863
0.11302682346190765	129433.4453125	12.76715087890625
0.11565117090432779	127127.171875	12.413856506347656
0.11827551834674793	125809.296875	12.230908393859863
0.12089986578916806	122925.921875	11.926329612731934
0.12352421323158821	120568.8828125	11.63214111328125
0.12614856067400834	120303.1484375	11.545435905456543
0.1287729081164285	115355.546875	11.107625961303711
0.13139725555884862	115933.203125	10.999712944030762
0.13402160300126875	114555.1953125	10.708898544311523
0.1366459504436889	110736.4921875	10.396637916564941
0.13927029788610906	111087.7109375	10.306032180786133
0.1418946453285292	110302.5	10.092741012573242
0.14451899277094932	108347.1640625	9.923465728759766
0.14714334021336947	106646.28125	9.756368637084961
0.14976768765578963	105010.6328125	9.553122520446777
0.15239203509820975	105126.8046875	9.493885040283203
0.15501638254062988	102032.1015625	9.233141899108887
0.15764072998305004	100870.515625	9.07926082611084
0.1602650774254702	101280.609375	9.041488647460938
0.16288942486789032	100651.375	8.94672966003418
0.16551377231031045	99101.875	8.716815948486328
0.1681381197527306	98352.1640625	8.530510902404785
0.17076246719515073	95918.25	8.387716293334961
0.17338681463757089	96674.40625	8.34173583984375
0.176011162079991	94425.203125	8.108424186706543
0.17863550952241114	93391.1484375	8.056610107421875
0.1812598569648313	93762.7421875	8.008719444274902
0.18388420440725145	93118.296875	7.910845756530762
0.18650855184967158	91108.6171875	7.7797040939331055
0.1891328992920917	90419.4609375	7.755739212036133
0.19175724673451186	90605.4296875	7.982874870300293
0.194381594176932	90212.0859375	8.213995933532715
0.19700594161935214	88700.8515625	8.602378845214844
0.19963028906177227	88426.7265625	9.148633003234863
0.20225463650419243	88106.46875	9.536535263061523
0.20487898394661255	85361.734375	9.332149505615234
0.2075033313890327	84393.6171875	8.793120384216309
0.21012767883145284	85052.0234375	8.522531509399414
0.212752026273873	84657.265625	8.293159484863281
0.21537637371629312	82701.3515625	7.857431411743164
0.21800072115871327	83761.1328125	7.697231292724609
0.2206250686011334	83929.234375	7.605470657348633
0.22324941604355356	82095.65625	7.420299053192139
0.22587376348597368	80538.734375	7.2132697105407715
0.22849811092839384	80285.0	7.089033603668213
0.23112245837081397	79278.921875	6.985578536987305
0.2337468058132341	79462.5	6.906418800354004
0.23637115325565425	77764.9921875	6.724897384643555
0.23899550069807438	77727.171875	6.678574562072754
0.24161984814049453	77389.53125	6.565438747406006
0.24424419558291466	77244.5625	6.4757795333862305
0.2468685430253348	76789.609375	6.415670394897461
0.24949289046775494	77722.9921875	6.428043842315674
0.2521172379101751	76817.2265625	6.3032450675964355
0.2547415853525952	75608.578125	6.187598705291748
0.2573659327950154	75349.6015625	6.166399955749512
0.25999028023743553	74318.1015625	6.065466403961182
0.26261462767985566	73673.125	5.9891180992126465
0.2652389751222758	73467.4453125	5.971950531005859
0.2678633225646959	72573.3828125	5.876097679138184
0.27048767000711604	72489.6015625	5.821694374084473
0.2731120174495362	71236.9921875	5.747565746307373
0.27573636489195635	71091.6484375	5.672212600708008
0.2783607123343765	70975.15625	5.5864715576171875
0.28098505977679666	70093.484375	5.527565002441406
0.2836094072192168	69795.578125	5.501837253570557
0.2862337546616369	69342.6328125	5.442577362060547
0.28885810210405705	68818.3671875	5.422082901000977
0.2914824495464772	68176.7734375	5.390931606292725
0.2941067969888973	68035.5859375	5.354691982269287
0.2967311444313175	67206.625	5.30515193939209
0.2993554918737376	66054.109375	5.238925457000732
0.3019798393161578	67227.4609375	5.256027698516846
0.3046041867585779	66520.984375	5.178060054779053
0.30722853420099805	65997.34375	5.1469855308532715
0.3098528816434182	65678.1640625	5.124563217163086
0.3124772290858383	65255.296875	5.057888507843018
0.31510157652825843	65452.82421875	5.051609039306641
0.3177259239706786	63523.66015625	4.955051422119141
0.32035027141309874	63755.0625	4.925705909729004
0.32297461885551887	63414.125	4.886536598205566
0.325598966297939	62711.08203125	4.855886936187744
0.3282233137403592	63074.89453125	4.839902400970459
0.3308476611827793	62649.88671875	4.791741371154785
0.33347200862519943	62153.55859375	4.784640789031982
0.33609635606761956	61612.140625	4.7387471199035645
0.33872070351003974	61217.125	4.692426681518555
0.34134505095245987	60762.515625	4.665426731109619
0.34396939839488	59526.09375	4.606492042541504
0.3465937458373001	60468.765625	4.631380081176758
0.3492180932797203	59860.42578125	4.581328392028809
0.35184244072214044	58956.3359375	4.525723934173584
0.35446678816456056	59161.52734375	4.512235164642334
0.3570911356069807	58174.296875	4.459073066711426
0.3597154830494008	57864.3046875	4.452474594116211
0.362339830491821	58193.9296875	4.4394850730896
0.36496417793424113	58172.0078125	4.401145935058594
0.36758852537666126	58040.953125	4.390918731689453
0.3702128728190814	56959.390625	4.33658504486084
0.37283722026150157	56175.11328125	4.284037113189697
0.3754615677039217	56222.61328125	4.269568920135498
0.3780859151463418	56460.48828125	4.262069225311279
0.38071026258876195	55472.83984375	4.198549270629883
0.38333461003118213	55267.89453125	4.182002544403076
0.38595895747360226	54959.22265625	4.168234348297119
0.3885833049160224	54344.109375	4.106328964233398
0.3912076523584425	55162.3671875	4.128358364105225
0.3938319998008627	54291.72265625	4.089587211608887
0.3964563472432828	53787.44140625	4.047954559326172
0.39908069468570295	54031.8984375	4.041571140289307
0.4017050421281231	53547.5078125	4.016585826873779
0.4043293895705432	52516.25390625	3.9593734741210938
0.4069537370129634	51943.94140625	3.9148876667022705
0.4095780844553835	51475.8203125	3.892587661743164
0.41220243189780365	52100.37109375	3.9173383712768555
0.4148267793402238	51691.34375	3.8683550357818604
0.41745112678264396	51444.09375	3.841750144958496
0.4200754742250641	51259.828125	3.8367977142333984
0.4226998216674842	50873.43359375	3.8075978755950928
0.42532416910990434	50898.078125	3.79246187210083
0.4279485165523245	50401.7109375	3.7692461013793945
0.43057286399474465	50024.95703125	3.7449328899383545
0.4331972114371648	49451.50390625	3.6967484951019287
0.4358215588795849	48978.96875	3.6743624210357666
0.4384459063220051	49458.23828125	3.6804018020629883
0.4410702537644252	49311.49609375	3.648486375808716
0.44369460120684534	49190.94140625	3.6403236389160156
0.44631894864926547	48700.01171875	3.6074979305267334
0.4489432960916856	48265.75	3.5755906105041504
0.4515676435341058	47728.3046875	3.551781415939331
0.4541919909765259	47546.765625	3.542813301086426
0.45681633841894603	47406.203125	3.520613431930542
0.45944068586136616	47046.18359375	3.4927971363067627
0.46206503330378634	46759.17578125	3.476334571838379
0.46468938074620647	46658.16015625	3.4614930152893066
0.4673137281886266	46747.53515625	3.4437246322631836
0.4699380756310467	46374.375	3.429682970046997
0.4725624230734669	45529.11328125	3.388019323348999
0.47518677051588704	45637.13671875	3.3743700981140137
0.47781111795830716	45357.29296875	3.355417490005493
0.4804354654007273	46041.1015625	3.3821403980255127
0.4830598128431475	45573.44140625	3.3470897674560547
0.4856841602855676	45157.66015625	3.317753314971924
0.48830850772798773	44559.25	3.289043426513672
0.49093285517040786	44227.11328125	3.266106128692627
0.493557202612828	44209.73046875	3.2504634857177734
0.49618155005524817	43903.44140625	3.2431254386901855
0.4988058974976683	43693.43359375	3.2229440212249756
0.5014302449400885	43716.35546875	3.2071220874786377
0.5040545923825086	43168.30859375	3.1831629276275635
0.5066789398249287	42917.29296875	3.1687066555023193
0.5093032872673489	42615.0	3.143317937850952
0.511927634709769	42411.375	3.128619909286499
0.5145519821521891	42339.8046875	3.12135648727417
0.5171763295946092	42524.88671875	3.1121580600738525
0.5198006770370294	42334.5546875	3.09959077835083
0.5224250244794495	41888.19921875	3.0847413539886475
0.5250493719218696	41904.69921875	3.0744855403900146
0.5276737193642898	41461.24609375	3.042485475540161
0.53029806680671	41207.890625	3.0289721488952637
0.5329224142491301	40842.0546875	3.010587692260742
0.5355467616915502	40419.66796875	2.979445695877075
0.5381711091339704	40600.09765625	2.9820008277893066
0.5407954565763906	40549.87109375	2.975363254547119
0.5434198040188107	40200.15234375	2.9487292766571045
0.5460441514612309	40265.1640625	2.945986032485962
0.548668498903651	39915.09375	2.9315853118896484
0.5512928463460711	39729.34375	2.917593479156494
0.5539171937884912	39173.93359375	2.8766720294952393
0.5565415412309114	39740.18359375	2.903593063354492
0.5591658886733315	39170.26953125	2.8700308799743652
0.5617902361157516	38981.5625	2.848928689956665
0.5644145835581718	38955.5078125	2.847222089767456
0.5670389310005919	38770.7109375	2.8312268257141113
0.5696632784430121	38432.02734375	2.8067867755889893
0.5722876258854322	38676.7109375	2.817020893096924
0.5749119733278524	38132.49609375	2.791693687438965
0.5775363207702725	38027.265625	2.775864362716675
0.5801606682126926	37568.4609375	2.7507452964782715
0.5827850156551128	37633.2578125	2.7588913440704346
0.5854093630975329	37348.98828125	2.7364661693573
0.588033710539953	37009.83203125	2.7162868976593018
0.5906580579823733	36738.2109375	2.7310709953308105
0.5932824054247934	36532.234375	2.797947406768799
0.5959067528672135	36694.4453125	2.8666067123413086
0.5985311003096336	36395.921875	2.912440299987793
0.6011554477520538	36413.578125	2.939967632293701
0.6037797951944739	36126.45703125	2.9137754440307617
0.606404142636894	35899.921875	2.901231050491333
0.6090284900793141	35871.390625	2.8787004947662354
0.6116528375217343	36002.42578125	2.861217975616455
0.6142771849641545	35872.625	2.8167507648468018
0.6169015324065746	35729.9765625	2.7809150218963623
0.6195258798489948	35896.92578125	2.764909029006958
0.6221502272914149	35738.1875	2.728809356689453
0.624774574733835	35187.171875	2.6735918521881104
0.6273989221762551	35484.39453125	2.6627731323242188
0.6300232696186753	35219.0625	2.6294431686401367
0.6326476170610954	34767.0546875	2.6123132705688477
0.6352719645035156	34677.34765625	2.611307144165039
0.6378963119459358	34619.625	2.6023826599121094
0.6405206593883559	33927.19140625	2.5663440227508545
0.643145006830776	34214.38671875	2.5820350646972656
0.6457693542731962	33825.83984375	2.55472469329834
0.6483937017156163	33942.04296875	2.546867847442627
0.6510180491580364	34431.14453125	2.5685064792633057
0.6536423966004565	34002.19140625	2.5427796840667725
0.6562667440428767	33847.47265625	2.5245814323425293
0.6588910914852969	33384.2734375	2.4991390705108643
0.661515438927717	33423.828125	2.496990919113159
0.6641397863701372	33146.45703125	2.4725799560546875
0.6667641338125573	32815.80859375	2.455162286758423
0.6693884812549774	32907.3359375	2.4599292278289795
0.6720128286973975	32974.01953125	2.452413558959961
0.6746371761398177	32729.361328125	2.433880090713501
0.6772615235822378	32971.86328125	2.4468917846679688
0.679885871024658	32444.2734375	2.4140219688415527
0.6825102184670782	32423.876953125	2.403022289276123
0.6851345659094983	32307.708984375	2.3965859413146973
0.6877589133519184	32252.564453125	2.3923304080963135
0.6903832607943385	32159.005859375	2.3768444061279297
0.6930076082367587	32106.3359375	2.373840093612671
0.6956319556791788	32034.4921875	2.3695738315582275
0.6982563031215989	31801.060546875	2.34482741355896
0.700880650564019	31353.078125	2.3244576454162598
0.7035049980064393	31443.99609375	2.3285136222839355
0.7061293454488594	31420.916015625	2.3152430057525635
0.7087536928912795	31109.533203125	2.299515962600708
0.7113780403336997	31165.78125	2.302462339401245
0.7140023877761198	30972.46875	2.2845301628112793
0.7166267352185399	31065.45703125	2.280221700668335
0.71925108266096	31464.0234375	2.3025448322296143
0.7218754301033802	31009.82421875	2.279245615005493
0.7244997775458004	30668.7265625	2.2503836154937744
0.7271241249882205	30403.736328125	2.238814115524292
0.7297484724306407	30298.76171875	2.235943078994751
0.7323728198730608	30352.4140625	2.2266831398010254
0.7349971673154809	30228.76171875	2.2190825939178467
0.737621514757901	30165.53125	2.2193970680236816
0.7402458622003212	29921.75	2.1973793506622314
0.7428702096427413	30060.013671875	2.1991841793060303
0.7454945570851614	29899.9609375	2.1966288089752197
0.7481189045275817	29768.501953125	2.1812081336975098
0.7507432519700018	29601.693359375	2.1643126010894775
0.7533675994124219	29257.080078125	2.149348735809326
0.7559919468548421	29394.908203125	2.1566250324249268
0.7586162942972622	29344.857421875	2.1446962356567383
0.7612406417396823	29059.21875	2.127720832824707
0.7638649891821024	29308.5859375	2.1409919261932373
0.7664893366245226	28965.875	2.117828369140625
0.7691136840669428	28905.298828125	2.107675075531006
0.7717380315093629	29272.208984375	2.126116991043091
0.7743623789517831	28739.181640625	2.0997183322906494
0.7769867263942032	28700.50390625	2.0902419090270996
0.7796110738366233	28708.89453125	2.0906310081481934
0.7822354212790434	28525.818359375	2.081043004989624
0.7848597687214636	28479.841796875	2.0745017528533936
0.7874841161638837	28251.73828125	2.0632412433624268
0.7901084636063038	28109.65234375	2.051388740539551
0.7927328110487241	28036.0078125	2.0412087440490723
0.7953571584911442	28316.5	2.049050807952881
0.7979815059335643	28245.37109375	2.0433077812194824
0.8006058533759844	27962.94921875	2.023003101348877
0.8032302008184046	27979.38671875	2.0143141746520996
0.8058545482608247	27602.458984375	2.002202272415161
0.8084788957032448	27554.7265625	1.9987554550170898
0.811103243145665	27501.0546875	1.9907665252685547
0.8137275905880852	27310.05859375	1.9824455976486206
0.8163519380305053	27702.701171875	1.995507836341858
0.8189762854729254	27353.26953125	1.9718425273895264
0.8216006329153456	27151.90625	1.9632313251495361
0.8242249803577657	27420.119140625	1.9719356298446655
0.8268493278001858	27416.484375	1.9641025066375732
0.829473675242606	27112.88671875	1.9508429765701294
0.8320980226850261	27050.439453125	1.9506444931030273
0.8347223701274462	27040.38671875	1.9441629648208618
0.8373467175698664	27262.099609375	1.9476563930511475
0.8399710650122866	26958.14453125	1.9324144124984741
0.8425954124547067	27162.98046875	1.934173345565796
0.8452197598971268	26924.82421875	1.9180883169174194
0.847844107339547	26489.96875	1.901963710784912
0.8504684547819671	26343.974609375	1.8944923877716064
0.8530928022243872	26753.103515625	1.906463623046875
0.8557171496668073	26467.306640625	1.8956507444381714
0.8583414971092276	26538.75	1.9019088745117188
0.8609658445516477	26697.69140625	1.897743821144104
0.8635901919940678	26693.21875	1.8948421478271484
0.866214539436488	26363.21484375	1.8841986656188965
0.8688388868789081	26536.53515625	1.8878308534622192
0.8714632343213282	26253.84765625	1.8697917461395264
0.8740875817637483	26247.96875	1.8717886209487915
0.8767119292061685	26151.716796875	1.8646376132965088
0.8793362766485886	26165.654296875	1.858189582824707
0.8819606240910088	26040.396484375	1.8532267808914185
0.884584971533429	25987.06640625	1.851398229598999
0.8872093189758491	26094.076171875	1.8482400178909302
0.8898336664182692	25680.74609375	1.829316258430481
0.8924580138606893	25784.1953125	1.837436318397522
0.8950823613031095	25793.03515625	1.8316439390182495
0.8977067087455296	25765.822265625	1.8256282806396484
0.9003310561879497	25651.783203125	1.8194142580032349
0.90295540363037	25827.576171875	1.8263732194900513
0.9055797510727901	25444.837890625	1.8064149618148804
0.9082040985152102	25295.81640625	1.8037059307098389
0.9108284459576304	25541.1875	1.8107359409332275
0.9134527934000505	25607.85546875	1.8057689666748047
0.9160771408424706	25466.8828125	1.7992156744003296
0.9187014882848907	24998.51171875	1.7801872491836548
0.9213258357273109	25360.373046875	1.793376088142395
0.923950183169731	25062.0859375	1.7738136053085327
0.9265745306121512	25267.703125	1.786385416984558
0.9291988780545714	24963.837890625	1.7673366069793701
0.9318232254969915	24894.76953125	1.7610491514205933
0.9344475729394116	24906.087890625	1.7645906209945679
0.9370719203818317	24930.1328125	1.760000228881836
0.9396962678242519	24997.85546875	1.7582851648330688
0.942320615266672	24681.3125	1.7419614791870117
0.9449449627090921	24801.591796875	1.7457534074783325
0.9475693101515122	24704.703125	1.739882230758667
0.9501936575939325	24577.109375	1.7309983968734741
0.9528180050363526	24654.46875	1.7336479425430298
0.9554423524787727	24636.17578125	1.7295455932617188
0.9580666999211929	24930.1328125	1.7380751371383667
0.960691047363613	24714.984375	1.7298359870910645
0.9633153948060331	24521.32421875	1.7178456783294678
0.9659397422484532	24682.59375	1.7160252332687378
0.9685640896908734	24896.8515625	1.7297015190124512
0.9711884371332936	24472.314453125	1.7121891975402832
0.9738127845757137	24557.912109375	1.7086267471313477
0.9764371320181339	24356.279296875	1.7055820226669312
0.979061479460554	23949.359375	1.7065306901931763
0.9816858269029741	24340.39453125	1.7277145385742188
0.9843101743453943	24214.6875	1.7356007099151611
0.9869345217878144	24229.81640625	1.7718455791473389
0.9895588692302345	24367.353515625	1.7994515895843506
0.9921832166726546	24176.43359375	1.8127375841140747
0.9948075641150749	24239.81640625	1.849837303161621
0.997431911557495	23980.568359375	1.8563902378082275
1.0000562589999151	23767.49609375	1.8494925498962402
1.0026806064423353	23973.4453125	1.8654818534851074
1.0053049538847554	23814.275390625	1.864397644996643
1.0079293013271755	23757.763671875	1.858789324760437
1.0105536487695956	23754.6484375	1.844935417175293
1.0131779962120158	24184.4375	1.860351324081421
1.015802343654436	24055.2890625	1.8518792390823364
1.018426691096856	23722.064453125	1.8409905433654785
1.0210510385392761	23755.1953125	1.8502287864685059
1.0236753859816963	23555.27734375	1.8383268117904663
1.0262997334241164	23778.30859375	1.8526759147644043
1.0289240808665365	23781.947265625	1.8602315187454224
1.0315484283089567	23620.91015625	1.8579174280166626
1.0341727757513768	23728.85546875	1.8630621433258057
1.036797123193797	23600.90234375	1.8589832782745361
1.0394214706362173	23558.787109375	1.863081693649292
1.0420458180786374	23180.033203125	1.8435388803482056
1.0446701655210575	23446.0546875	1.8585509061813354
1.0472945129634776	23611.990234375	1.8744233846664429
1.0499188604058978	23462.44140625	1.8682256937026978
1.052543207848318	23227.4375	1.8563387393951416
1.055167555290738	23373.82421875	1.868788719177246
1.0577919027331582	23549.369140625	1.878198504447937
1.0604162501755785	23055.091796875	1.853434681892395
1.0630405976179986	23368.18359375	1.8723965883255005
1.0656649450604185	23313.33203125	1.8705670833587646
1.0682892925028387	23273.404296875	1.8695443868637085
1.0709136399452588	23469.53515625	1.8842586278915405
1.0735379873876791	23377.0546875	1.882343053817749
1.0761623348300993	23383.673828125	1.8800625801086426
1.0787866822725194	23302.025390625	1.8774582147598267
1.0814110297149395	23223.576171875	1.8832159042358398
1.0840353771573596	22797.166015625	1.865736722946167
1.0866597245997798	22978.849609375	1.8698506355285645
1.0892840720422	23451.4453125	1.891534447669983
1.09190841948462	23170.5625	1.8812458515167236
1.0945327669270402	23363.021484375	1.8943824768066406
1.0971571143694603	23196.49609375	1.890916109085083
1.0997814618118804	23072.35546875	1.889123558998108
1.1024058092543005	22905.6484375	1.8770960569381714
1.1050301566967207	23114.314453125	1.892183542251587
1.1076545041391408	22953.61328125	1.8882532119750977
1.110278851581561	23044.5234375	1.8911769390106201
1.112903199023981	22789.951171875	1.8793164491653442
1.1155275464664012	22570.623046875	1.8735487461090088
1.1181518939088215	22690.525390625	1.881391167640686
1.1207762413512417	22624.16015625	1.8763093948364258
1.1234005887936618	23026.794921875	1.9016642570495605
1.126024936236082	22605.771484375	1.8827028274536133
1.128649283678502	22446.447265625	1.8743493556976318
1.1312736311209222	22688.318359375	1.8891409635543823
1.1338979785633423	22581.6640625	1.8855236768722534
1.1365223260057624	22800.75	1.8960012197494507
1.1391466734481825	22789.923828125	1.8950639963150024
1.1417710208906027	22640.958984375	1.891160011291504
1.1443953683330228	22569.19140625	1.8848633766174316
1.147019715775443	22510.052734375	1.881060242652893
1.149644063217863	22632.080078125	1.8926664590835571
1.1522684106602832	22487.4921875	1.881884217262268
1.1548927581027033	22481.20703125	1.8737372159957886
1.1575171055451234	22712.103515625	1.887326955795288
1.1601414529875436	22233.70703125	1.8619332313537598
1.162765800429964	22162.583984375	1.8551979064941406
1.165390147872384	22270.376953125	1.8669902086257935
1.1680144953148042	22387.9921875	1.8810185194015503
1.1706388427572243	22242.17578125	1.8759963512420654
1.1732631901996444	22526.224609375	1.8891358375549316
1.1758875376420646	22222.505859375	1.8763213157653809
1.1785118850844847	21951.580078125	1.868227243423462
1.1811362325269048	22331.853515625	1.8888019323349
1.183760579969325	22167.412109375	1.8824164867401123
1.186384927411745	22244.310546875	1.8893929719924927
1.1890092748541652	22368.99609375	1.8936567306518555
1.1916336222965853	22177.390625	1.8922134637832642
1.1942579697390054	22338.109375	1.9035173654556274
1.1968823171814256	22263.984375	1.8996058702468872
1.1995066646238457	22251.83203125	1.8983674049377441
1.2021310120662658	22099.376953125	1.8951915502548218
1.204755359508686	22015.40625	1.89499831199646
1.2073797069511063	21942.40625	1.8908910751342773
1.2100040543935264	22058.041015625	1.9034515619277954
1.2126284018359466	22017.5234375	1.9047054052352905
1.2152527492783667	21675.90625	1.8844996690750122
1.2178770967207868	22097.046875	1.9132723808288574
1.220501444163207	21971.5546875	1.912172555923462
1.223125791605627	21913.908203125	1.9088548421859741
1.2257501390480472	21931.0703125	1.9083120822906494
1.2283744864904673	22092.349609375	1.9194777011871338
1.2309988339328874	22150.12109375	1.929807186126709
1.2336231813753076	21914.18359375	1.918597936630249
1.2362475288177277	22200.521484375	1.937921404838562
1.2388718762601478	22107.70703125	1.9330060482025146
1.241496223702568	21883.84765625	1.9180570840835571
1.244120571144988	22064.9609375	1.9328103065490723
1.2467449185874082	21881.01953125	1.9264276027679443
1.2493692660298283	21924.310546875	1.9282487630844116
1.2519936134722487	21849.11328125	1.926412582397461
1.2546179609146688	21979.623046875	1.9409881830215454
1.257242308357089	22078.87890625	1.9511569738388062
1.259866655799509	21690.90234375	1.926655650138855
1.2624910032419292	21698.935546875	1.9329923391342163
1.2651153506843493	21772.068359375	1.9380080699920654
1.2677396981267695	21793.337890625	1.9384713172912598
1.2703640455691896	21597.974609375	1.9329689741134644
1.2729883930116097	21888.85546875	1.9519898891448975
1.2756127404540298	21777.060546875	1.9437980651855469
1.27823708789645	21818.0546875	1.94989013671875
1.28086143533887	21739.6796875	1.9504722356796265
1.2834857827812902	21708.19140625	1.9512357711791992
1.2861101302237103	21350.306640625	1.9357187747955322
1.2887344776661305	21422.36328125	1.948862910270691
1.2913588251085506	21241.748046875	1.9321811199188232
1.2939831725509707	21823.11328125	1.9617435932159424
1.296607519993391	21804.037109375	1.9669526815414429
1.2992318674358112	21767.287109375	1.9665888547897339
1.3018562148782313	21822.458984375	1.9896436929702759
1.3044805623206515	21990.654296875	2.0281286239624023
1.3071049097630716	22021.6796875	2.051178455352783
1.3097292572054917	21751.0078125	2.053603172302246
1.3123536046479118	21517.44140625	2.053861379623413
1.314977952090332	21738.935546875	2.080151081085205
1.317602299532752	21230.90234375	2.0503857135772705
1.3202266469751722	21662.10546875	2.077486991882324
1.3228509944175924	21535.548828125	2.075969934463501
1.3254753418600125	21289.3671875	2.0609283447265625
1.3280996893024326	21322.6953125	2.0632426738739014
1.3307240367448527	21493.435546875	2.0793144702911377
1.3333483841872729	21529.09765625	2.083078145980835
1.335972731629693	21253.048828125	2.0661041736602783
1.3385970790721131	21577.123046875	2.0848517417907715
1.3412214265145335	21507.42578125	2.0791497230529785
1.3438457739569536	21472.546875	2.0808634757995605
1.3464701213993737	21496.681640625	2.085116147994995
1.3490944688417938	21383.00390625	2.0818004608154297
1.351718816284214	21480.19921875	2.058690309524536
1.354343163726634	21287.75390625	2.022402763366699
1.3569675111690542	21281.052734375	2.012683153152466
1.3595918586114744	21211.794921875	1.993627905845642
1.3622162060538945	21426.935546875	1.9917172193527222
1.3648405534963146	21746.48828125	2.0029408931732178
1.3674649009387347	21595.482421875	1.9966274499893188
1.3700892483811549	21257.703125	1.9768187999725342
1.372713595823575	21390.7734375	1.988768458366394
1.3753379432659951	21314.029296875	1.9885241985321045
1.3779622907084152	21268.986328125	1.9818158149719238
1.3805866381508354	21541.353515625	1.9951739311218262
1.3832109855932555	21452.78515625	1.999268889427185
1.3858353330356759	21476.349609375	2.025845527648926
1.388459680478096	21493.966796875	2.04687237739563
1.391084027920516	21239.484375	2.0558009147644043
1.3937083753629362	21379.486328125	2.1177730560302734
1.3963327228053564	21277.666015625	2.1503067016601562
1.3989570702477765	21320.134765625	2.1762897968292236
1.4015814176901966	21479.111328125	2.2059779167175293
1.4042057651326167	21430.28125	2.2252209186553955
1.4068301125750369	21507.45703125	2.247791051864624
1.409454460017457	21240.302734375	2.226447343826294
1.4120788074598771	21615.681640625	2.2270710468292236
1.4147031549022973	21323.38671875	2.2033729553222656
1.4173275023447174	21180.2734375	2.1973421573638916
1.4199518497871375	21278.6484375	2.164804220199585
1.4225761972295576	21430.166015625	2.1424529552459717
1.4252005446719778	21446.572265625	2.1300065517425537
1.427824892114398	21245.49609375	2.109971046447754
1.4304492395568182	21719.9296875	2.128788709640503
1.4330735869992384	21265.6484375	2.094060182571411
1.4356979344416585	21333.478515625	2.100863456726074
1.4383222818840786	21203.462890625	2.0806074142456055
1.4409466293264988	21591.76953125	2.096644163131714
1.4435709767689189	21612.6015625	2.1012206077575684
1.446195324211339	21243.4140625	2.071995258331299
1.4488196716537591	21136.76171875	2.06288480758667
1.4514440190961793	21110.91796875	2.0631749629974365
1.4540683665385994	20981.84765625	2.05226731300354
1.4566927139810195	21418.92578125	2.0730133056640625
1.4593170614234396	21626.759765625	2.0847244262695312
1.4619414088658598	21297.892578125	2.0669045448303223
1.46456575630828	21144.142578125	2.0583577156066895
1.4671901037507	21033.111328125	2.0475168228149414
1.4698144511931202	21495.162109375	2.0743603706359863
1.4724387986355403	21058.1484375	2.042236328125
1.4750631460779606	21344.365234375	2.0522565841674805
1.4776874935203808	21510.482421875	2.0573601722717285
1.4803118409628009	21217.71484375	2.0402133464813232
1.482936188405221	21124.603515625	2.0280961990356445
1.4855605358476411	20994.9453125	2.0144083499908447
1.4881848832900613	21162.923828125	2.028380870819092
1.4908092307324814	20967.64453125	2.009268045425415
1.4934335781749015	21171.251953125	2.0214576721191406
1.4960579256173216	20996.15234375	2.0114009380340576
1.4986822730597418	20868.541015625	1.994245171546936
1.501306620502162	21180.421875	2.0131804943084717
1.503930967944582	20908.0859375	1.9999581575393677
1.5065553153870022	21347.052734375	2.0176243782043457
1.5091796628294223	21085.822265625	1.9949226379394531
1.5118040102718424	21086.7734375	1.9903862476348877
1.5144283577142625	21269.201171875	1.9939175844192505
1.5170527051566827	20971.40625	1.9723103046417236
1.519677052599103	21117.892578125	1.9785315990447998
1.5223014000415231	21255.71875	1.9851207733154297
1.5249257474839433	21120.931640625	1.97384774684906
1.5275500949263634	21015.076171875	1.9679033756256104
1.5301744423687835	21089.45703125	1.973022222518921
1.5327987898112037	21046.0703125	1.9627505540847778
1.5354231372536238	21236.51171875	1.9734759330749512
1.538047484696044	21340.978515625	1.9846745729446411
1.540671832138464	20816.328125	1.945569396018982
1.5432961795808842	21121.33984375	1.9601002931594849
1.5459205270233043	20874.658203125	1.945289969444275
1.5485448744657244	21009.580078125	1.9528957605361938
1.5511692219081445	21063.921875	1.953474521636963
1.5537935693505647	21116.830078125	1.9528357982635498
1.5564179167929848	21135.21484375	1.9525234699249268
1.559042264235405	21114.181640625	1.9468194246292114
1.561666611677825	21128.291015625	1.9394036531448364
1.5642909591202454	21332.1171875	1.9514211416244507
1.5669153065626655	21098.30859375	1.935270071029663
1.5695396540050857	20760.3359375	1.9130650758743286
1.5721640014475058	20835.583984375	1.9198319911956787
1.574788348889926	20907.033203125	1.9192975759506226
1.577412696332346	21313.98046875	1.9377251863479614
1.5800370437747662	20738.771484375	1.9010573625564575
1.5826613912171863	20956.373046875	1.914543628692627
1.5852857386596064	20952.814453125	1.9099029302597046
1.5879100861020266	21143.986328125	1.9191535711288452
1.5905344335444467	21207.841796875	1.9201431274414062
1.5931587809868668	21025.1875	1.9036041498184204
1.595783128429287	20934.099609375	1.8963065147399902
1.598407475871707	20871.666015625	1.8944880962371826
1.6010318233141272	20736.16796875	1.883886694908142
1.6036561707565473	21047.58203125	1.8944917917251587
1.6062805181989674	20993.95703125	1.8838330507278442
1.6089048656413878	21569.341796875	1.9186609983444214
1.611529213083808	21190.580078125	1.8953683376312256
1.614153560526228	20846.65625	1.8705440759658813
1.6167779079686482	21125.888671875	1.888762354850769
1.6194022554110683	21014.39453125	1.8803813457489014
1.6220266028534884	20799.921875	1.8638904094696045
1.6246509502959086	20824.419921875	1.8669193983078003
1.6272752977383287	20638.796875	1.8578754663467407
1.6298996451807488	20649.435546875	1.851528286933899
1.632523992623169	20796.734375	1.8529118299484253
1.635148340065589	21102.958984375	1.8716561794281006
1.6377726875080092	20900.740234375	1.859359860420227
1.6403970349504293	20949.51953125	1.8571786880493164
1.6430213823928494	20743.76171875	1.8483765125274658
1.6456457298352696	20808.02734375	1.847032070159912
1.6482700772776897	20956.072265625	1.8508049249649048
1.6508944247201098	20816.9453125	1.8455299139022827
1.6535187721625302	20842.646484375	1.8439148664474487
1.6561431196049503	20660.970703125	1.8298923969268799
1.6587674670473704	20667.79296875	1.8299952745437622
1.6613918144897906	20549.974609375	1.820389986038208
1.6640161619322107	20617.67578125	1.8211365938186646
1.6666405093746308	20904.939453125	1.8359118700027466
1.669264856817051	20559.82421875	1.8175565004348755
1.671889204259471	20920.130859375	1.8307371139526367
1.6745135517018912	20609.517578125	1.8093252182006836
1.6771378991443113	20854.57421875	1.8246676921844482
1.6797622465867315	20803.78125	1.8178082704544067
1.6823865940291516	20663.208984375	1.8067405223846436
1.6850109414715717	20794.966796875	1.8151429891586304
1.6876352889139918	20790.642578125	1.8103601932525635
1.690259636356412	20885.18359375	1.80997633934021
1.692883983798832	20679.626953125	1.7982723712921143
1.6955083312412522	20908.064453125	1.8123090267181396
1.6981326786836726	20648.3046875	1.7935352325439453
1.7007570261260927	20809.439453125	1.7960337400436401
1.7033813735685128	20853.744140625	1.7974237203598022
1.706005721010933	20578.80078125	1.7772092819213867
1.708630068453353	20708.783203125	1.777492642402649
1.7112544158957732	20762.076171875	1.7764923572540283
1.7138787633381933	20954.5	1.7842557430267334
1.7165031107806135	20544.775390625	1.7599332332611084
1.7191274582230336	20587.908203125	1.7614843845367432
1.7217518056654537	20786.1171875	1.7712008953094482
1.7243761531078738	20673.236328125	1.762024164199829
1.727000500550294	20499.048828125	1.7534323930740356
1.729624847992714	20990.896484375	1.7827236652374268
1.7322491954351342	20686.9609375	1.766680359840393
1.7348735428775544	20759.8671875	1.770777940750122
1.7374978903199745	20527.111328125	1.7583413124084473
1.7401222377623946	20702.578125	1.7683402299880981
1.742746585204815	20623.224609375	1.7597352266311646
1.745370932647235	20552.6484375	1.7552653551101685
1.7479952800896552	20480.443359375	1.7520524263381958
1.7506196275320753	20552.572265625	1.75602388381958
1.7532439749744955	20565.865234375	1.7541751861572266
1.7558683224169156	20912.8671875	1.7760636806488037
1.7584926698593357	20399.888671875	1.7465827465057373
1.7611170173017558	20553.947265625	1.7512938976287842
1.763741364744176	20591.109375	1.7557649612426758
1.766365712186596	20648.5	1.7566652297973633
1.7689900596290162	20650.265625	1.7518284320831299
1.7716144070714364	20721.630859375	1.7586112022399902
1.7742387545138565	20723.75	1.7561641931533813
1.7768631019562766	20805.744140625	1.7560919523239136
1.7794874493986967	20667.611328125	1.7532843351364136
1.7821117968411169	20701.291015625	1.7552896738052368
1.784736144283537	20593.72265625	1.744910717010498
1.7873604917259571	20556.53125	1.7434409856796265
1.7899848391683775	20600.822265625	1.7482483386993408
1.7926091866107976	20299.974609375	1.7300390005111694
1.7952335340532177	20627.9921875	1.7516975402832031
1.7978578814956379	20631.58203125	1.777559518814087
1.800482228938058	20468.619140625	1.7821073532104492
1.803106576380478	20536.064453125	1.8066635131835938
1.8057309238228982	20446.265625	1.8418008089065552
1.8083552712653184	20610.525390625	1.8796864748001099
1.8109796187077385	20655.12890625	1.87437105178833
1.8136039661501586	20569.919921875	1.8590883016586304
1.8162283135925787	20540.294921875	1.8335778713226318
1.8188526610349989	20300.63671875	1.8016437292099
1.821477008477419	20569.123046875	1.8037574291229248
1.8241013559198391	20526.49609375	1.7948925495147705
1.8267257033622593	20509.470703125	1.791925311088562
1.8293500508046794	20502.830078125	1.7847962379455566
1.8319743982470995	20668.166015625	1.7914977073669434
1.8345987456895199	20627.3671875	1.7892969846725464
1.83722309313194	20671.716796875	1.7857475280761719
1.8398474405743601	20400.05078125	1.7676513195037842
1.8424717880167802	20553.517578125	1.7778024673461914
1.8450961354592004	20611.55859375	1.7786744832992554
1.8477204829016205	20329.88671875	1.7604682445526123
1.8503448303440406	20360.7578125	1.7621530294418335
1.8529691777864608	20671.638671875	1.7750434875488281
1.8555935252288809	20671.662109375	1.7690998315811157
1.858217872671301	20455.45703125	1.758529782295227
1.8608422201137211	20473.8359375	1.7614413499832153
1.8634665675561413	20382.71484375	1.7533307075500488
1.8660909149985614	20382.68359375	1.7506126165390015
1.8687152624409815	20689.451171875	1.7669190168380737
1.8713396098834016	20617.67578125	1.7585448026657104
1.8739639573258218	20709.23046875	1.7607368230819702
1.876588304768242	20528.5	1.7529081106185913
1.8792126522106622	20424.91796875	1.7482901811599731
1.8818369996530824	20334.17578125	1.73878812789917
1.8844613470955025	20659.701171875	1.7567988634109497
1.8870856945379226	20547.912109375	1.7496919631958008
1.8897100419803428	20744.115234375	1.7515677213668823
1.8923343894227629	20494.775390625	1.7353224754333496
1.894958736865183	20708.40234375	1.7497237920761108
1.8975830843076031	20538.078125	1.7361464500427246
1.9002074317500233	20421.212890625	1.7286396026611328
1.9028317791924434	20440.13671875	1.733579397201538
1.9054561266348635	20424.908203125	1.7330894470214844
1.9080804740772837	20532.9375	1.7368544340133667
1.9107048215197038	20548.44140625	1.7391128540039062
1.913329168962124	20432.552734375	1.7295767068862915
1.915953516404544	20550.4765625	1.7326067686080933
1.9185778638469642	20503.462890625	1.729860544204712
1.9212022112893843	20653.390625	1.7394523620605469
1.9238265587318046	20694.76953125	1.7414493560791016
1.9264509061742248	20529.552734375	1.7327815294265747
1.929075253616645	20241.76171875	1.7212029695510864
1.931699601059065	20217.654296875	1.7171615362167358
1.9343239485014851	20418.79296875	1.7268059253692627
1.9369482959439053	20300.75390625	1.7199522256851196
1.9395726433863254	20433.580078125	1.7237296104431152
1.9421969908287455	20370.490234375	1.7161675691604614
1.9448213382711657	20496.87109375	1.7250760793685913
1.9474456857135858	20461.919921875	1.7257415056228638
1.950070033156006	20557.826171875	1.7282217741012573
1.952694380598426	20260.876953125	1.708175778388977
1.9553187280408462	20293.224609375	1.7104203701019287
1.9579430754832663	20400.076171875	1.7161588668823242
1.9605674229256864	20540.94140625	1.720198392868042
1.9631917703681065	20531.66796875	1.7187280654907227
1.9658161178105267	20430.390625	1.7133039236068726
1.968440465252947	20177.0078125	1.7000654935836792
1.9710648126953672	20565.232421875	1.717458963394165
1.9736891601377873	20358.900390625	1.7019250392913818
1.9763135075802074	20264.12890625	1.6960914134979248
1.9789378550226275	20210.986328125	1.694535493850708
1.9815622024650477	20468.123046875	1.71419095993042
1.9841865499074678	20386.75390625	1.7050644159317017
1.986810897349888	20202.806640625	1.6905616521835327
1.989435244792308	20337.31640625	1.702968716621399
1.9920595922347282	20210.85546875	1.6963801383972168
1.9946839396771483	20278.341796875	1.697497844696045
1.9973082871195684	20522.732421875	1.7104319334030151
1.9999326345619886	20524.880859375	1.711032509803772
2.0025569820044087	20051.306640625	1.6812677383422852
2.005181329446829	20485.990234375	1.7066524028778076
2.007805676889249	20578.7421875	1.711623191833496
2.010430024331669	20775.015625	1.7175872325897217
2.013054371774089	20298.970703125	1.6932423114776611
2.0156787192165098	20400.478515625	1.7039804458618164
2.0183030666589294	20327.546875	1.6947112083435059
2.02092741410135	20507.931640625	1.6999485492706299
2.0235517615437697	20418.873046875	1.6970022916793823
2.0261761089861903	20552.970703125	1.7053245306015015
2.02880045642861	20245.064453125	1.6901150941848755
2.0314248038710305	20222.29296875	1.6868674755096436
2.03404915131345	20319.583984375	1.691483736038208
2.036673498755871	20072.06640625	1.679902195930481
2.0392978461982905	20136.37890625	1.6821973323822021
2.041922193640711	20305.22265625	1.6917210817337036
2.0445465410831307	20227.919921875	1.6847708225250244
2.0471708885255513	20299.55859375	1.6822429895401
2.049795235967971	20388.515625	1.6882742643356323
2.0524195834103915	20520.138671875	1.693690538406372
2.0550439308528112	20493.203125	1.6844704151153564
2.057668278295232	20570.26171875	1.6849186420440674
2.060292625737652	20301.28125	1.671806812286377
2.062916973180072	20196.63671875	1.6651122570037842
2.0655413206224917	20319.8984375	1.6726598739624023
2.0681656680649123	20246.716796875	1.6712491512298584
2.070790015507332	20291.849609375	1.6725789308547974
2.0734143629497526	20239.0234375	1.665604829788208
2.0760387103921722	20248.869140625	1.6696898937225342
2.078663057834593	20326.62109375	1.6747627258300781
2.0812874052770134	20141.0546875	1.658380150794983
2.083911752719433	20382.78125	1.6731550693511963
2.0865361001618536	20272.517578125	1.6707078218460083
2.0891604476042733	20255.37890625	1.6657795906066895
2.091784795046694	20243.044921875	1.663062572479248
2.0944091424891136	20308.19921875	1.6706074476242065
2.097033489931534	19906.427734375	1.647109031677246
2.099657837373954	20300.8671875	1.666666030883789
2.1022821848163744	20015.294921875	1.653564214706421
2.104906532258794	20357.185546875	1.6677777767181396
2.1075308797012147	20322.681640625	1.6596810817718506
2.1101552271436343	20373.072265625	1.664574146270752
2.112779574586055	20215.74609375	1.6583936214447021
2.1154039220284746	20342.19140625	1.66290283203125
2.118028269470895	20384.390625	1.6658756732940674
2.120652616913315	20382.556640625	1.6663411855697632
2.1232769643557354	20074.314453125	1.6479072570800781
2.125901311798155	20366.61328125	1.6593866348266602
2.1285256592405757	20349.380859375	1.6596260070800781
2.1311500066829954	20245.978515625	1.6555589437484741
2.133774354125416	20128.92578125	1.6463327407836914
2.1363987015678356	19979.4921875	1.6408932209014893
2.139023049010256	20048.58203125	1.644853115081787
2.141647396452676	20106.798828125	1.6461979150772095
2.1442717438950964	20377.6171875	1.6585599184036255
2.146896091337516	20280.546875	1.6534793376922607
2.1495204387799367	19895.82421875	1.632716178894043
2.1521447862223564	20064.490234375	1.6406972408294678
2.154769133664777	20577.115234375	1.6674842834472656
2.1573934811071966	20137.78125	1.6415621042251587
2.160017828549617	20218.326171875	1.6456224918365479
2.162642175992037	20199.9453125	1.645740270614624
2.1652665234344575	20080.66015625	1.6397433280944824
2.167890870876877	19936.943359375	1.630586862564087
2.1705152183192977	19994.275390625	1.6340049505233765
2.1731395657617183	20119.888671875	1.6402089595794678
2.175763913204138	20087.46875	1.6364444494247437
2.1783882606465585	20202.5859375	1.6401722431182861
2.1810126080889782	20206.009765625	1.6421313285827637
2.183636955531399	19975.154296875	1.630059838294983
2.1862613029738185	20182.48046875	1.6370563507080078
2.188885650416239	20235.13671875	1.6386417150497437
2.1915099978586587	20034.30859375	1.62654709815979
2.1941343453010793	20373.65234375	1.6444892883300781
2.196758692743499	19941.400390625	1.638550877571106
2.1993830401859196	20073.61328125	1.68254554271698
2.2020073876283393	20374.943359375	1.7356418371200562
2.20463173507076	19989.787109375	1.740488052368164
2.2072560825131795	20036.962890625	1.7642649412155151
2.2098804299556	20206.26953125	1.7845097780227661
2.2125047773980198	20434.701171875	1.7793970108032227
2.2151291248404403	20242.4921875	1.7372016906738281
2.21775347228286	20306.873046875	1.7220189571380615
2.2203778197252806	20238.919921875	1.7050769329071045
2.2230021671677003	20108.794921875	1.692867398262024
2.225626514610121	19981.595703125	1.6867398023605347
2.2282508620525405	20268.576171875	1.6950478553771973
2.230875209494961	20003.75	1.6747303009033203
2.233499556937381	20031.77734375	1.6783440113067627
2.2361239043798014	20039.33984375	1.6728193759918213
2.238748251822221	20441.173828125	1.6864773035049438
2.2413725992646416	20144.263671875	1.670068383216858
2.2439969467070613	20432.876953125	1.6837596893310547
2.246621294149482	20296.169921875	1.6713511943817139
2.2492456415919015	20211.669921875	1.665864109992981
2.251869989034322	20055.2734375	1.6600230932235718
2.254494336476742	19966.45703125	1.651305079460144
2.2571186839191624	20235.845703125	1.6646639108657837
2.259743031361583	19881.07421875	1.6472395658493042
2.2623673788040026	20006.541015625	1.649882197380066
2.264991726246423	20157.208984375	1.6536232233047485
2.267616073688843	20006.181640625	1.64671790599823
2.2702404211312635	19901.70703125	1.6410744190216064
2.272864768573683	19974.822265625	1.6370667219161987
2.2754891160161037	20316.041015625	1.6517953872680664
2.2781134634585234	20036.978515625	1.636240005493164
2.280737810900944	20079.982421875	1.6338846683502197
2.2833621583433636	20090.958984375	1.6302164793014526
2.285986505785784	20026.58203125	1.625240445137024
2.288610853228204	20269.498046875	1.6394901275634766
2.2912352006706245	20025.345703125	1.6308879852294922
2.293859548113044	19951.837890625	1.6288846731185913
2.2964838955554647	20121.52734375	1.6397240161895752
2.2991082429978844	20060.0859375	1.63657808303833
2.301732590440305	19995.25	1.6314231157302856
2.3043569378827247	20198.841796875	1.6436364650726318
2.3069812853251452	20087.80859375	1.6368128061294556
2.309605632767565	19979.763671875	1.6306030750274658
2.3122299802099855	20102.3671875	1.6355706453323364
2.314854327652405	20116.01953125	1.6357542276382446
2.3174786750948257	19952.96875	1.6234880685806274
2.3201030225372454	20145.88671875	1.6316901445388794
2.322727369979666	20142.28125	1.6328386068344116
2.3253517174220857	20045.53125	1.625912070274353
2.3279760648645063	20129.8671875	1.6306830644607544
2.330600412306926	19881.607421875	1.6190768480300903
2.3332247597493465	20323.3671875	1.637646198272705
2.335849107191766	20170.25390625	1.624801516532898
2.3384734546341868	20039.185546875	1.622611403465271
2.3410978020766064	20015.197265625	1.6220169067382812
2.343722149519027	20177.11328125	1.6258747577667236
2.3463464969614467	20000.234375	1.6168489456176758
2.3489708444038673	20124.658203125	1.6262307167053223
2.351595191846288	20100.40625	1.6211886405944824
2.3542195392887075	20152.337890625	1.622169852256775
2.356843886731128	19866.35546875	1.6110948324203491
2.359468234173548	20063.193359375	1.6177297830581665
2.3620925816159684	19904.8515625	1.6051502227783203
2.364716929058388	20161.015625	1.6200569868087769
2.3673412765008086	20081.10546875	1.6145884990692139
2.3699656239432283	20204.654296875	1.617952823638916
2.372589971385649	19913.591796875	1.6053388118743896
2.3752143188280685	20131.05078125	1.6198582649230957
2.377838666270489	19894.240234375	1.6010915040969849
2.380463013712909	20180.9140625	1.6147899627685547
2.3830873611553294	20115.861328125	1.6143218278884888
2.385711708597749	20340.2109375	1.6208940744400024
2.3883360560401696	20107.201171875	1.6067721843719482
2.3909604034825893	20140.3671875	1.612929105758667
2.39358475092501	20069.896484375	1.6092979907989502
2.3962090983674296	19788.72265625	1.5915637016296387
2.39883344580985	19891.49609375	1.5995217561721802
2.40145779325227	19661.08984375	1.5898479223251343
2.4040821406946904	20017.01171875	1.6004232168197632
2.40670648813711	20032.43359375	1.5969535112380981
2.4093308355795306	19902.123046875	1.5920886993408203
2.4119551830219503	19973.705078125	1.5912933349609375
2.414579530464371	20009.4140625	1.5878665447235107
2.4172038779067906	20222.91796875	1.5972470045089722
2.419828225349211	19864.087890625	1.5805964469909668
2.422452572791631	19951.498046875	1.5829455852508545
2.4250769202340514	20212.376953125	1.5941259860992432
2.427701267676471	20131.078125	1.5920963287353516
2.4303256151188917	20050.45703125	1.5868926048278809
2.4329499625613114	20021.701171875	1.5850783586502075
2.435574310003732	19926.73046875	1.5830345153808594
2.4381986574461525	20181.44921875	1.5907899141311646
2.440823004888572	20115.689453125	1.58681058883667
2.4434473523309928	19799.69140625	1.57388174533844
2.4460716997734124	19803.87890625	1.5728551149368286
2.448696047215833	20239.2734375	1.5889259576797485
2.4513203946582527	20028.38671875	1.5798312425613403
2.4539447421006733	19802.51171875	1.569555401802063
2.456569089543093	20255.123046875	1.5897096395492554
2.4591934369855135	20212.78515625	1.586157202720642
2.461817784427933	20029.158203125	1.5794556140899658
2.4644421318703538	20025.587890625	1.5789682865142822
2.4670664793127735	19976.673828125	1.5734492540359497
2.469690826755194	20065.056640625	1.5821080207824707
2.4723151741976137	19967.35546875	1.5766631364822388
2.4749395216400343	20109.1953125	1.579373836517334
2.477563869082454	20278.544921875	1.587325930595398
2.4801882165248745	20006.841796875	1.573594331741333
2.482812563967294	19876.703125	1.5668549537658691
2.485436911409715	20008.251953125	1.572694182395935
2.4880612588521345	20110.59765625	1.5797758102416992
2.490685606294555	20051.208984375	1.5735386610031128
2.4933099537369747	19910.404296875	1.5659940242767334
2.4959343011793953	19988.69921875	1.5701792240142822
2.498558648621815	19965.62109375	1.5671923160552979
2.5011829960642356	20114.20703125	1.573099136352539
2.5038073435066552	19908.2734375	1.5644012689590454
2.506431690949076	20062.57421875	1.5736138820648193
2.5090560383914955	20012.685546875	1.5687642097473145
2.511680385833916	19922.896484375	1.5624709129333496
2.5143047332763357	19967.927734375	1.5663087368011475
2.5169290807187563	19900.69140625	1.5620418787002563
2.519553428161176	19873.029296875	1.5593514442443848
2.5221777756035966	19880.33984375	1.5598219633102417
2.5248021230460163	20045.662109375	1.565388560295105
2.527426470488437	19991.2421875	1.557679295539856
2.5300508179308574	20263.490234375	1.5722217559814453
2.532675165373277	20054.697265625	1.5657893419265747
2.5352995128156977	20079.443359375	1.565560221672058
2.5379238602581173	20006.873046875	1.561999797821045
2.540548207700538	19895.466796875	1.5577458143234253
2.5431725551429576	19889.8515625	1.5564604997634888
2.545796902585378	19748.1171875	1.5468578338623047
2.548421250027798	19741.326171875	1.5462706089019775
2.5510455974702184	19897.904296875	1.5535244941711426
2.553669944912638	20023.994140625	1.556403636932373
2.5562942923550587	19929.708984375	1.5496106147766113
2.5589186397974784	20222.953125	1.5671167373657227
2.561542987239899	19966.66796875	1.5544073581695557
2.5641673346823186	19728.5859375	1.5401179790496826
2.566791682124739	19904.56640625	1.5530494451522827
2.569416029567159	19854.009765625	1.55092453956604
2.5720403770095794	20018.20703125	1.545561671257019
2.574664724451999	21509.4921875	1.6212260723114014
2.5772890718944197	19945.193359375	1.5536519289016724
2.5799134193368394	19645.853515625	1.5361837148666382
2.58253776677926	19988.865234375	1.551680326461792
2.5851621142216796	19675.33203125	1.5388221740722656
2.5877864616641	19608.71875	1.532367467880249
2.59041080910652	19935.1953125	1.5460244417190552
2.5930351565489405	19687.916015625	1.5350227355957031
2.59565950399136	19953.4765625	1.5493521690368652
2.5982838514337807	19736.1171875	1.57481050491333
2.6009081988762004	19928.62109375	1.6248193979263306
2.603532546318621	19954.34375	1.6415536403656006
2.6061568937610406	19831.4765625	1.6335668563842773
2.608781241203461	19645.361328125	1.613939642906189
2.611405588645881	20075.66015625	1.6133663654327393
2.6140299360883015	20160.439453125	1.6056702136993408
2.616654283530722	19931.568359375	1.5864133834838867
2.6192786309731417	19957.162109375	1.5882474184036255
2.6219029784155623	19603.595703125	1.5694528818130493
2.624527325857982	19951.580078125	1.5808610916137695
2.6271516733004026	19683.302734375	1.5640488862991333
2.6297760207428222	19824.3046875	1.570979356765747
2.632400368185243	19981.330078125	1.574896216392517
2.6350247156276625	19817.748046875	1.5648339986801147
2.637649063070083	19931.609375	1.5708342790603638
2.6402734105125027	19876.724609375	1.5643665790557861
2.6428977579549233	19906.345703125	1.5603848695755005
2.645522105397343	20246.62109375	1.5793834924697876
2.6481464528397636	20019.162109375	1.5676312446594238
2.6507708002821833	19859.078125	1.5573474168777466
2.653395147724604	19947.974609375	1.5608482360839844
2.6560194951670235	19937.908203125	1.5593690872192383
2.658643842609444	19938.3203125	1.5583146810531616
2.6612681900518638	20017.275390625	1.557503342628479
2.6638925374942843	19785.28125	1.545939564704895
2.666516884936704	19918.580078125	1.5526847839355469
2.6691412323791246	19978.296875	1.548814296722412
2.6717655798215443	19834.333984375	1.5436354875564575
2.674389927263965	19708.9296875	1.541096568107605
2.6770142747063845	19916.306640625	1.5493491888046265
2.679638622148805	19791.75	1.540722370147705
2.682262969591225	19851.572265625	1.5468107461929321
2.6848873170336454	20017.95703125	1.5498466491699219
2.687511664476065	19994.521484375	1.5465284585952759
2.6901360119184856	19848.84765625	1.5447989702224731
2.6927603593609053	19795.017578125	1.5421216487884521
2.695384706803326	19818.541015625	1.5404324531555176
2.6980090542457456	20033.5859375	1.5495595932006836
2.700633401688166	20077.578125	1.5525492429733276
2.703257749130586	19722.35546875	1.533890962600708
2.7058820965730064	19993.041015625	1.5471816062927246
2.708506444015427	19906.1484375	1.5449507236480713
2.7111307914578466	19919.791015625	1.5423381328582764
2.713755138900267	19833.646484375	1.5374932289123535
2.716379486342687	19682.13671875	1.5339620113372803
2.7190038337851075	19765.775390625	1.5355165004730225
2.721628181227527	19731.673828125	1.5284875631332397
2.7242525286699477	19886.283203125	1.5378202199935913
2.7268768761123674	19607.7421875	1.525900959968567
2.729501223554788	19649.8515625	1.5268422365188599
2.7321255709972077	19830.32421875	1.5344398021697998
2.7347499184396282	19799.01953125	1.5346776247024536
2.737374265882048	19966.109375	1.539794683456421
2.7399986133244685	19831.8984375	1.5318576097488403
2.742622960766888	19796.3828125	1.5303641557693481
2.7452473082093087	19984.994140625	1.536102294921875
2.7478716556517284	20134.791015625	1.5413175821304321
2.750496003094149	19921.0859375	1.5328255891799927
2.7531203505365687	19911.98828125	1.5322892665863037
2.7557446979789892	19940.259765625	1.5334144830703735
2.758369045421409	19841.79296875	1.525101661682129
2.7609933928638295	19992.197265625	1.5298365354537964
2.763617740306249	20000.451171875	1.5295886993408203
2.7662420877486698	19957.83203125	1.5250608921051025
2.7688664351910894	19983.236328125	1.5292274951934814
2.77149078263351	19878.78515625	1.5245968103408813
2.7741151300759297	20121.646484375	1.531723141670227
2.7767394775183503	20076.154296875	1.5280810594558716
2.77936382496077	20013.830078125	1.5244975090026855
2.7819881724031905	19882.376953125	1.5120452642440796
2.78461251984561	19923.013671875	1.5115622282028198
2.7872368672880308	19810.62109375	1.5093941688537598
2.7898612147304505	19844.994140625	1.5097531080245972
2.792485562172871	19762.587890625	1.5029242038726807
2.7951099096152907	19793.611328125	1.5060830116271973
2.7977342570577113	19866.60546875	1.5092298984527588
2.800358604500132	19930.974609375	1.5079410076141357
2.8029829519425515	19995.046875	1.5106803178787231
2.805607299384972	19877.353515625	1.510268211364746
2.808231646827392	19779.921875	1.5043526887893677
2.8108559942698124	19773.8359375	1.5016820430755615
2.813480341712232	19844.380859375	1.5051615238189697
2.8161046891546526	19842.48046875	1.5024703741073608
2.8187290365970723	19870.81640625	1.5029168128967285
2.821353384039493	19785.69140625	1.5009262561798096
2.8239777314819126	19852.57421875	1.5037341117858887
2.826602078924333	19713.771484375	1.4950885772705078
2.829226426366753	19676.603515625	1.4941614866256714
2.8318507738091734	19788.27734375	1.5002840757369995
2.834475121251593	19975.576171875	1.507282018661499
2.8370994686940136	19709.4375	1.4900134801864624
2.8397238161364333	19853.767578125	1.4976606369018555
2.842348163578854	19723.76171875	1.4941411018371582
2.8449725110212736	19632.662109375	1.48604154586792
2.847596858463694	19796.60546875	1.492283821105957
2.850221205906114	19891.470703125	1.5000556707382202
2.8528455533485344	19639.087890625	1.4864825010299683
2.855469900790954	19921.935546875	1.5010595321655273
2.8580942482333747	19750.974609375	1.4934669733047485
2.8607185956757943	19871.873046875	1.4961316585540771
2.863342943118215	19905.908203125	1.494199514389038
2.8659672905606346	19936.369140625	1.4973191022872925
2.868591638003055	19703.24609375	1.4843780994415283
2.871215985445475	19897.55078125	1.4940749406814575
2.8738403328878954	19757.7421875	1.4875410795211792
2.876464680330315	19830.283203125	1.4928503036499023
2.8790890277727357	19692.69140625	1.4848206043243408
2.8817133752151554	19890.716796875	1.4918957948684692
2.884337722657576	19738.7578125	1.4878480434417725
2.8869620700999965	19917.68359375	1.495487928390503
2.889586417542416	19654.748046875	1.4775654077529907
2.8922107649848368	19987.611328125	1.4949954748153687
2.8948351124272564	19747.30859375	1.4833661317825317
2.897459459869677	19937.2890625	1.4889163970947266
2.9000838073120967	19967.8359375	1.4909956455230713
2.9027081547545173	19950.109375	1.491775631904602
2.905332502196937	19877.01953125	1.4880084991455078
2.9079568496393575	19923.421875	1.4904457330703735
2.910581197081777	19759.998046875	1.4836342334747314
2.9132055445241978	19852.12109375	1.48579740524292
2.9158298919666175	19791.326171875	1.4796761274337769
2.918454239409038	20202.013671875	1.5007765293121338
2.9210785868514577	19765.1171875	1.4801936149597168
2.9237029342938783	19670.42578125	1.4742958545684814
2.926327281736298	19672.466796875	1.4736988544464111
2.9289516291787185	19784.6796875	1.4793505668640137
2.9315759766211382	19912.388671875	1.482478141784668
2.934200324063559	20065.103515625	1.4879130125045776
2.9368246715059785	19603.482421875	1.4706703424453735
2.939449018948399	19749.439453125	1.4769399166107178
2.9420733663908187	19705.673828125	1.4695780277252197
2.9446977138332393	19899.78125	1.4785122871398926
2.947322061275659	19669.40234375	1.4673789739608765
2.9499464087180796	19813.15234375	1.473056435585022
2.9525707561604992	19900.677734375	1.4733734130859375
2.95519510360292	20062.251953125	1.4829256534576416
2.9578194510453395	19758.912109375	1.471147060394287
2.96044379848776	19801.6953125	1.4722262620925903
2.9630681459301798	19927.30078125	1.4783413410186768
2.9656924933726003	19716.5703125	1.4694452285766602
2.96831684081502	19917.775390625	1.4783657789230347
2.9709411882574406	19719.091796875	1.4696284532546997
2.9735655356998603	19913.67578125	1.4804426431655884
2.976189883142281	19700.16015625	1.468018651008606
2.9788142305847014	19594.03125	1.4629769325256348
2.981438578027121	19726.32421875	1.4707605838775635
2.9840629254695417	19695.791015625	1.4666768312454224
2.9866872729119613	19914.365234375	1.4730775356292725
2.989311620354382	19926.296875	1.4774173498153687
2.9919359677968016	19868.3515625	1.4973350763320923
2.994560315239222	19969.091796875	1.520462155342102
2.997184662681642	19916.66015625	1.5443753004074097
2.9998090101240624	19866.78125	1.5660630464553833
3.002433357566482	19710.634765625	1.5712956190109253
3.0050577050089027	19744.666015625	1.5623834133148193
3.0076820524513224	19874.81640625	1.5677272081375122
3.010306399893743	19612.505859375	1.539480209350586
3.0129307473361626	20028.59765625	1.543764352798462
3.015555094778583	19908.556640625	1.5287001132965088
3.018179442221003	19580.650390625	1.5132960081100464
3.0208037896634234	19685.056640625	1.5134799480438232
3.023428137105843	19903.08203125	1.5164275169372559
3.0260524845482637	19933.015625	1.5155888795852661
3.0286768319906834	19923.453125	1.5140352249145508
3.031301179433104	19680.044921875	1.4973645210266113
3.0339255268755236	19928.064453125	1.507967233657837
3.036549874317944	19717.361328125	1.4986038208007812
3.039174221760364	19805.96875	1.4997482299804688
3.0417985692027845	19823.638671875	1.496920108795166
3.044422916645204	19687.05859375	1.493486762046814
3.0470472640876247	19743.62890625	1.4921244382858276
3.0496716115300444	19949.306640625	1.494687557220459
3.052295958972465	19867.35546875	1.4900150299072266
3.0549203064148847	19647.40625	1.478440523147583
3.0575446538573052	19666.126953125	1.4758470058441162
3.060169001299725	19787.0625	1.4811674356460571
3.0627933487421455	19849.923828125	1.4859064817428589
3.065417696184566	19699.734375	1.477397084236145
3.0680420436269857	19769.568359375	1.482356071472168
3.0706663910694063	19823.259765625	1.4865493774414062
3.073290738511826	19823.318359375	1.4850929975509644
3.0759150859542466	19680.673828125	1.476343035697937
3.0785394333966662	19702.013671875	1.4759935140609741
3.081163780839087	19898.26171875	1.4861303567886353
3.0837881282815065	19856.296875	1.479164958000183
3.086412475723927	19893.91015625	1.4796912670135498
3.0890368231663468	19815.84765625	1.4789897203445435
3.0916611706087673	19898.6015625	1.4810436964035034
3.094285518051187	19934.806640625	1.480734944343567
3.0969098654936076	19677.41015625	1.469153642654419
3.0995342129360273	19848.181640625	1.4797923564910889
3.102158560378448	19607.4921875	1.4670591354370117
3.1047829078208675	19591.779296875	1.463991641998291
3.107407255263288	19544.708984375	1.4621890783309937
3.1100316027057078	19583.158203125	1.4627916812896729
3.1126559501481283	19436.8984375	1.4533418416976929
3.115280297590548	19641.833984375	1.4648449420928955
3.1179046450329686	19597.41015625	1.4611916542053223
3.1205289924753883	19589.337890625	1.4588865041732788
3.123153339917809	19788.544921875	1.4685782194137573
3.1257776873602285	19719.880859375	1.465415596961975
3.128402034802649	19638.05078125	1.4607716798782349
3.131026382245069	19841.5390625	1.4686954021453857
3.1336507296874894	19689.431640625	1.4635976552963257
3.136275077129909	19643.263671875	1.458415150642395
3.1388994245723296	19676.0234375	1.4583674669265747
3.1415237720147493	19649.71484375	1.457726001739502
3.14414811945717	19764.072265625	1.4620717763900757
3.1467724668995896	19620.029296875	1.451966643333435
3.14939681434201	19589.3203125	1.4502698183059692
3.15202116178443	19433.263671875	1.4445520639419556
3.1546455092268504	19700.34765625	1.4519630670547485
3.157269856669271	19656.654296875	1.4422026872634888
3.1598942041116906	19714.8671875	1.446320652961731
3.162518551554111	19965.12109375	1.4539847373962402
3.165142898996531	19698.12890625	1.4387235641479492
3.1677672464389515	19613.22265625	1.4386615753173828
3.170391593881371	19780.51953125	1.4484645128250122
3.1730159413237917	19500.931640625	1.4330836534500122
3.1756402887662114	19453.037109375	1.4316129684448242
3.178264636208632	19609.70703125	1.4402343034744263
3.1808889836510517	19789.630859375	1.443464994430542
3.1835133310934722	19838.646484375	1.4434101581573486
3.186137678535892	19731.208984375	1.4438762664794922
3.1887620259783125	19513.419921875	1.4327642917633057
3.191386373420732	19829.431640625	1.442507028579712
3.1940107208631527	19484.458984375	1.4275997877120972
3.1966350683055724	19606.71484375	1.4355462789535522
3.199259415747993	19596.31640625	1.431775689125061
3.2018837631904127	19513.083984375	1.4276853799819946
3.2045081106328333	19651.05859375	1.4365744590759277
3.207132458075253	19647.671875	1.4345182180404663
3.2097568055176735	19518.400390625	1.426338791847229
3.212381152960093	19427.556640625	1.4250768423080444
3.2150055004025138	19562.955078125	1.4310503005981445
3.2176298478449334	20048.615234375	1.4476364850997925
3.220254195287354	19551.833984375	1.4255818128585815
3.2228785427297737	19509.900390625	1.4295796155929565
3.2255028901721943	19802.384765625	1.4391294717788696
3.228127237614614	19804.296875	1.4353694915771484
3.2307515850570345	19946.40234375	1.4440115690231323
3.233375932499454	19879.318359375	1.4400193691253662
3.236000279941875	19625.626953125	1.4264256954193115
3.2386246273842945	19791.798828125	1.4344722032546997
3.241248974826715	19377.64453125	1.418732762336731
3.2438733222691356	19435.6953125	1.4203729629516602
3.2464976697115553	19715.51953125	1.4306156635284424
3.249122017153976	19589.91796875	1.4242563247680664
3.2517463645963955	19926.03125	1.436873197555542
3.254370712038816	19681.2734375	1.4243922233581543
3.256995059481236	19796.021484375	1.4312940835952759
3.2596194069236564	19591.08203125	1.4230822324752808
3.262243754366076	19813.51171875	1.4309130907058716
3.2648681018084966	19843.341796875	1.4309641122817993
3.2674924492509163	19737.3125	1.429965853691101
3.270116796693337	19663.609375	1.4238379001617432
3.2727411441357566	19700.208984375	1.4229086637496948
3.275365491578177	19523.75	1.4180959463119507
3.277989839020597	19488.962890625	1.4171048402786255
3.2806141864630174	19466.625	1.412529706954956
3.283238533905437	19618.34765625	1.420066237449646
3.2858628813478576	19561.705078125	1.4184867143630981
3.2884872287902773	19937.13671875	1.4326379299163818
3.291111576232698	19897.322265625	1.428558111190796
3.2937359236751176	19697.0703125	1.420968770980835
3.296360271117538	19609.380859375	1.416582465171814
3.298984618559958	19721.134765625	1.4188752174377441
3.3016089660023784	19581.30859375	1.4117192029953003
3.304233313444798	19502.501953125	1.4082571268081665
3.3068576608872187	19749.4453125	1.4159449338912964
3.3094820083296383	19739.208984375	1.4135382175445557
3.312106355772059	19527.2578125	1.407334566116333
3.3147307032144786	19491.318359375	1.4066389799118042
3.317355050656899	19415.1953125	1.402182936668396
3.319979398099319	19698.1875	1.4173531532287598
3.3226037455417394	19710.025390625	1.4182170629501343
3.325228092984159	19588.8671875	1.4115475416183472
3.3278524404265797	19556.083984375	1.4129918813705444
3.3304767878689994	19265.587890625	1.4016098976135254
3.33310113531142	19394.986328125	1.4074604511260986
3.3357254827538405	19473.1328125	1.408567190170288
3.33834983019626	19392.51171875	1.409210443496704
3.3409741776386808	19368.1953125	1.4082967042922974
3.3435985250811004	19694.8125	1.4204415082931519
3.346222872523521	19418.333984375	1.4086257219314575
3.3488472199659407	19654.0703125	1.4214527606964111
3.3514715674083613	19801.5859375	1.4254401922225952
3.354095914850781	19774.09375	1.4229469299316406
3.3567202622932015	19513.224609375	1.417178988456726
3.359344609735621	19498.951171875	1.419717788696289
3.361968957178042	19566.576171875	1.42168390750885
3.3645933046204615	19573.923828125	1.424204707145691
3.367217652062882	19573.3203125	1.4250417947769165
3.3698419995053017	19635.349609375	1.4275606870651245
3.3724663469477223	19586.07421875	1.4289113283157349
3.375090694390142	19564.8359375	1.4318557977676392
3.3777150418325625	19587.763671875	1.4323545694351196
3.3803393892749822	19575.826171875	1.431408166885376
3.382963736717403	19622.345703125	1.4390599727630615
3.3855880841598225	19539.197265625	1.4374951124191284
3.388212431602243	19523.095703125	1.4508689641952515
3.3908367790446627	19571.5703125	1.4734617471694946
3.3934611264870833	19489.224609375	1.4915930032730103
3.396085473929503	19665.80859375	1.5310001373291016
3.3987098213719236	19685.146484375	1.5517348051071167
3.4013341688143433	19406.611328125	1.5335779190063477
3.403958516256764	19662.361328125	1.5456596612930298
3.4065828636991835	19703.837890625	1.549617886543274
3.409207211141604	19876.873046875	1.5598399639129639
3.4118315585840238	19608.919921875	1.5319446325302124
3.4144559060264443	19520.23828125	1.5136463642120361
3.417080253468864	19749.08203125	1.515621304512024
3.4197046009112846	19763.095703125	1.5160468816757202
3.422328948353705	19810.115234375	1.5141483545303345
3.424953295796125	19584.775390625	1.4973008632659912
3.4275776432385454	19711.078125	1.5037002563476562
3.430201990680965	19678.060546875	1.5001860857009888
3.4328263381233857	19526.609375	1.4868518114089966
3.4354506855658054	19919.21484375	1.5040136575698853
3.438075033008226	20056.859375	1.5098448991775513
3.4406993804506456	19844.912109375	1.4955809116363525
3.443323727893066	19778.8203125	1.4876381158828735
3.445948075335486	19746.154296875	1.4851837158203125
3.4485724227779064	19636.177734375	1.4775466918945312
3.451196770220326	19660.2109375	1.4739574193954468
3.4538211176627467	20000.052734375	1.4894551038742065
3.4564454651051664	19543.123046875	1.469097375869751
3.459069812547587	19867.076171875	1.483455777168274
3.4616941599900066	19675.958984375	1.4724379777908325
3.464318507432427	19775.33203125	1.4784778356552124
3.466942854874847	19617.3515625	1.4694993495941162
3.4695672023172675	19604.6953125	1.4650068283081055
3.472191549759687	20023.693359375	1.485244631767273
3.4748158972021077	19537.013671875	1.459665060043335
3.4774402446445274	19669.033203125	1.4657561779022217
3.480064592086948	19573.09375	1.4604476690292358
3.4826889395293676	19734.15234375	1.4671403169631958
3.485313286971788	19623.3359375	1.460878849029541
3.487937634414208	19548.2890625	1.4546219110488892
3.4905619818566285	19639.234375	1.4594416618347168
3.493186329299048	19749.3515625	1.4634888172149658
3.4958106767414687	19671.701171875	1.4582246541976929
3.4984350241838884	19465.7578125	1.4478187561035156
3.501059371626309	19861.12890625	1.467813491821289
3.5036837190687287	19596.83203125	1.4532010555267334
3.5063080665111492	19577.16796875	1.449535846710205
3.508932413953569	19522.240234375	1.447741985321045
3.5115567613959895	19866.259765625	1.4628409147262573
3.51418110883841	19612.876953125	1.44962477684021
3.5168054562808297	19673.369140625	1.453548550605774
3.5194298037232503	19580.791015625	1.4492251873016357
3.52205415116567	19514.58203125	1.4443695545196533
3.5246784986080906	19587.087890625	1.4471420049667358
3.5273028460505103	19756.951171875	1.4544732570648193
3.529927193492931	19867.806640625	1.4529742002487183
3.5325515409353505	19944.935546875	1.4507886171340942
3.535175888377771	19765.853515625	1.4448908567428589
3.5378002358201908	19489.5859375	1.4307602643966675
3.5404245832626113	19543.388671875	1.4313958883285522
3.543048930705031	19635.82421875	1.4346295595169067
3.5456732781474516	19561.2578125	1.429893970489502
3.5482976255898713	19779.87890625	1.4373208284378052
3.550921973032292	19746.64453125	1.4332160949707031
3.5535463204747115	20064.41015625	1.448981761932373
3.556170667917132	19855.384765625	1.4372363090515137
3.558795015359552	19697.04296875	1.429127812385559
3.5614193628019724	19625.79296875	1.4276193380355835
3.564043710244392	19615.90625	1.429142713546753
3.5666680576868126	19792.14453125	1.4333338737487793
3.5692924051292323	19727.068359375	1.4292559623718262
3.571916752571653	19595.720703125	1.4272947311401367
3.5745411000140725	19627.30078125	1.4272077083587646
3.577165447456493	19758.111328125	1.428980827331543
3.579789794898913	19516.06640625	1.4186689853668213
3.5824141423413334	19562.697265625	1.4223659038543701
3.585038489783753	19630.984375	1.4251192808151245
3.5876628372261736	19614.30859375	1.4244381189346313
3.5902871846685933	19660.404296875	1.4247698783874512
3.592911532111014	19902.84765625	1.4344476461410522
3.5955358795534336	19659.369140625	1.4243916273117065
3.598160226995854	19679.02734375	1.4253114461898804
3.600784574438274	19733.86328125	1.4256606101989746
3.6034089218806944	19670.0234375	1.4210338592529297
3.606033269323115	19633.50390625	1.4192018508911133
3.6086576167655346	19513.16015625	1.417557954788208
3.611281964207955	19491.51953125	1.4139803647994995
3.613906311650375	19873.03125	1.4282352924346924
3.6165306590927955	19717.0546875	1.422698736190796
3.619155006535215	19726.224609375	1.4221876859664917
3.6217793539776357	19863.708984375	1.4245867729187012
3.6244037014200554	19739.5703125	1.4224478006362915
3.627028048862476	19709.798828125	1.4219825267791748
3.6296523963048957	19842.3984375	1.4246011972427368
3.6322767437473162	19614.76171875	1.412969708442688
3.634901091189736	19598.79296875	1.4139422178268433
3.6375254386321565	19805.693359375	1.4213684797286987
3.640149786074576	19691.796875	1.414953589439392
3.6427741335169967	19600.119140625	1.4127769470214844
3.6453984809594164	19725.91796875	1.416656732559204
3.648022828401837	19860.29296875	1.4203251600265503
3.6506471758442567	19546.66015625	1.4053987264633179
3.6532715232866773	19687.947265625	1.4146206378936768
3.655895870729097	19670.787109375	1.4120149612426758
3.6585202181715175	19522.205078125	1.4036911725997925
3.661144565613937	19465.376953125	1.4015977382659912
3.6637689130563578	19668.5234375	1.411131739616394
3.6663932604987775	19622.8359375	1.405787706375122
3.669017607941198	19606.55078125	1.4015309810638428
3.6716419553836177	19678.59375	1.4034841060638428
3.6742663028260383	19777.205078125	1.4047808647155762
3.676890650268458	19684.44140625	1.397086262702942
3.6795149977108785	19557.830078125	1.3935043811798096
3.682139345153298	19677.8671875	1.3982454538345337
3.684763692595719	19722.83984375	1.397981882095337
3.6873880400381385	19745.244140625	1.3958271741867065
3.690012387480559	19827.091796875	1.401545524597168
3.6926367349229796	19703.39453125	1.3973103761672974
3.6952610823653993	19583.482421875	1.3903472423553467
3.69788542980782	19472.544921875	1.3885897397994995
3.7005097772502396	19440.8515625	1.3863909244537354
3.70313412469266	19317.1953125	1.3762497901916504
3.70575847213508	19665.603515625	1.3892157077789307
3.7083828195775004	19752.650390625	1.3923312425613403
3.71100716701992	19601.861328125	1.384501338005066
3.7136315144623406	19319.087890625	1.368851661682129
3.7162558619047603	19664.140625	1.3841115236282349
3.718880209347181	19736.12890625	1.3862344026565552
3.7215045567896006	19622.443359375	1.3785065412521362
3.724128904232021	20026.212890625	1.3961337804794312
3.726753251674441	19861.46875	1.387502908706665
3.7293775991168614	19809.740234375	1.3829554319381714
3.732001946559281	19620.77734375	1.3752391338348389
3.7346262940017017	19617.2265625	1.375862717628479
3.7372506414441213	19815.05859375	1.3818159103393555
3.739874988886542	19809.4765625	1.3775519132614136
3.7424993363289616	19770.9765625	1.3784942626953125
3.745123683771382	19484.810546875	1.3660067319869995
3.747748031213802	19538.33984375	1.364986538887024
3.7503723786562224	19699.67578125	1.3701136112213135
3.752996726098642	19669.71484375	1.3701258897781372
3.7556210735410627	19561.666015625	1.3640592098236084
3.7582454209834824	19688.078125	1.3663599491119385
3.760869768425903	19649.173828125	1.3647462129592896
3.7634941158683226	19648.240234375	1.3734835386276245
3.766118463310743	19625.189453125	1.3866792917251587
3.768742810753163	19778.55078125	1.4029735326766968
3.7713671581955834	19624.455078125	1.4143118858337402
3.773991505638003	19611.541015625	1.4389660358428955
3.7766158530804237	19735.583984375	1.4592057466506958
3.7792402005228434	19680.02734375	1.471135139465332
3.781864547965264	19521.197265625	1.4791380167007446
3.7844888954076845	19569.623046875	1.49397611618042
3.787113242850104	19551.03125	1.5038484334945679
3.7897375902925248	19565.24609375	1.5121588706970215
3.7923619377349445	19915.251953125	1.5391615629196167
3.794986285177365	19843.041015625	1.547186017036438
3.7976106326197847	19704.927734375	1.5514912605285645
3.8002349800622053	19607.8671875	1.5573559999465942
3.802859327504625	19916.638671875	1.5796403884887695
3.8054836749470455	19796.5078125	1.581751823425293
3.808108022389465	19573.828125	1.5814093351364136
3.810732369831886	19705.576171875	1.5954095125198364
3.8133567172743055	19749.0703125	1.6040853261947632
3.815981064716726	19949.138671875	1.6199426651000977
3.8186054121591457	19843.65625	1.6212409734725952
3.8212297596015663	19657.611328125	1.6174488067626953
3.823854107043986	19733.328125	1.6279488801956177
3.8264784544864066	19623.421875	1.635218858718872
3.8291028019288262	19561.595703125	1.6386224031448364
3.831727149371247	19655.97265625	1.6524144411087036
3.8343514968136665	19423.453125	1.6540627479553223
3.836975844256087	19644.119140625	1.673292875289917
3.8396001916985067	19641.515625	1.6797765493392944
3.8422245391409273	19614.322265625	1.6872104406356812
3.844848886583347	19632.810546875	1.6947695016860962
3.8474732340257676	19765.337890625	1.7091208696365356
3.8500975814681873	19745.60546875	1.714794397354126
3.852721928910608	19880.763671875	1.731472134590149
3.8553462763530275	19791.966796875	1.7356488704681396
3.857970623795448	19808.052734375	1.744922399520874
3.8605949712378678	19651.689453125	1.7485873699188232
3.8632193186802883	19640.423828125	1.7570708990097046
3.865843666122708	19693.876953125	1.7674938440322876
3.8684680135651286	19712.998046875	1.7810451984405518
3.871092361007549	19631.072265625	1.7856961488723755
3.873716708449969	19683.46484375	1.7973157167434692
3.8763410558923894	19615.88671875	1.803338646888733
3.878965403334809	19275.76953125	1.7896121740341187
3.8815897507772297	19662.984375	1.8265879154205322
3.8842140982196494	19434.51171875	1.8254374265670776
3.88683844566207	19474.650390625	1.8303560018539429
3.8894627931044896	19425.92578125	1.8319991827011108
3.89208714054691	19879.3359375	1.8692817687988281
3.89471148798933	19457.216796875	1.8433088064193726
3.8973358354317504	19892.41015625	1.8701468706130981
3.89996018287417	19557.7734375	1.8522982597351074
3.9025845303165907	19700.236328125	1.870019793510437
3.9052088777590104	19585.67578125	1.8681937456130981
3.907833225201431	19632.53125	1.8704742193222046
3.9104575726438506	19765.03125	1.8805903196334839
3.913081920086271	19833.439453125	1.8872536420822144
3.915706267528691	19687.408203125	1.8835898637771606
3.9183306149711115	19732.951171875	1.8938648700714111
3.920954962413531	19887.703125	1.9073930978775024
3.9235793098559517	19703.974609375	1.8996410369873047
3.9262036572983714	19636.134765625	1.8990660905838013
3.928828004740792	19488.953125	1.890968680381775
3.9314523521832117	19652.572265625	1.9028750658035278
3.9340766996256322	19974.255859375	1.930589199066162
3.936701047068052	19660.927734375	1.918151617050171
3.9393253945104725	19827.736328125	1.928322434425354
3.941949741952892	19905.751953125	1.932910680770874
3.9445740893953127	19700.662109375	1.924025058746338
3.9471984368377324	19607.203125	1.9273149967193604
3.949822784280153	19620.060546875	1.9334157705307007
3.9524471317225727	19773.03125	1.9476993083953857
3.9550714791649932	19813.130859375	1.9471246004104614
3.957695826607413	20259.85546875	1.9741370677947998
3.9603201740498335	19651.951171875	1.9407289028167725
3.962944521492254	19489.2578125	1.937692642211914
3.9655688689346738	19778.017578125	1.9603073596954346
3.9681932163770943	19780.896484375	1.963133454322815
3.970817563819514	19853.953125	1.9702969789505005
3.9734419112619346	19815.5390625	1.972355604171753
3.9760662587043543	19596.654296875	1.9624474048614502
3.978690606146775	19737.62890625	1.9782299995422363
3.9813149535891945	19555.76953125	1.9762557744979858
3.983939301031615	19686.21875	1.9854044914245605
3.9865636484740348	19792.169921875	1.9958680868148804
3.9891879959164553	19532.486328125	1.9875123500823975
3.991812343358875	19462.216796875	1.9864521026611328
3.9944366908012956	19898.107421875	2.0194735527038574
3.9970610382437153	19864.0078125	2.023362636566162
3.999685385686136	19896.11328125	2.027716875076294
4.0023097331285555	19741.37890625	2.022195816040039
4.004934080570976	19670.91015625	2.030357837677002
4.007558428013396	19431.171875	2.0186402797698975
4.010182775455816	19722.646484375	2.0440542697906494
4.012807122898236	19454.8203125	2.0271027088165283
4.015431470340657	19668.580078125	2.0403788089752197
4.018055817783076	19641.83984375	2.040823221206665
4.020680165225497	19659.95703125	2.0474064350128174
4.0233045126679166	19725.849609375	2.058232545852661
4.025928860110337	19727.1953125	2.061350107192993
4.028553207552757	19824.984375	2.0690808296203613
4.031177554995177	19468.958984375	2.0478124618530273
4.033801902437597	19479.861328125	2.0549819469451904
4.036426249880018	19667.673828125	2.073361873626709
4.039050597322437	19852.533203125	2.0839881896972656
4.041674944764858	19732.107421875	2.083383321762085
4.044299292207278	19679.994140625	2.092318058013916
4.046923639649698	19551.607421875	2.08890962600708
4.049547987092119	19785.349609375	2.106231451034546
4.052172334534538	19492.306640625	2.0917463302612305
4.054796681976959	19717.99609375	2.1189823150634766
4.057421029419379	19816.232421875	2.1300103664398193
4.060045376861799	19852.453125	2.1350131034851074
4.062669724304219	19707.52734375	2.1353988647460938
4.0652940717466395	19584.39453125	2.143083333969116
4.067918419189059	19652.837890625	2.15447735786438
4.07054276663148	19724.953125	2.160688877105713
4.073167114073899	20134.91015625	2.1923742294311523
4.07579146151632	19960.841796875	2.187854290008545
4.07841580895874	19816.259765625	2.1890525817871094
4.08104015640116	19752.484375	2.1943283081054688
4.08366450384358	19739.791015625	2.2007105350494385
4.0862888512860005	19820.03125	2.215454578399658
4.08891319872842	19853.87109375	2.2280001640319824
4.091537546170841	20034.818359375	2.252573251724243
4.09416189361326	19613.927734375	2.233222484588623
4.096786241055681	19774.0234375	2.2510063648223877
4.099410588498102	20103.796875	2.2774760723114014
4.102034935940521	19864.951171875	2.2710158824920654
4.104659283382942	19796.958984375	2.282353639602661
4.1072836308253615	19552.5859375	2.2728965282440186
4.109907978267782	19753.373046875	2.30074143409729
4.112532325710202	19966.431640625	2.3204703330993652
4.115156673152622	19819.869140625	2.319169044494629
4.117781020595042	19830.783203125	2.333827257156372
4.120405368037463	19748.783203125	2.338181972503662
4.123029715479882	19909.861328125	2.363039970397949
4.125654062922303	19698.9921875	2.356428384780884
4.1282784103647225	19467.2109375	2.3568332195281982
4.130902757807143	19387.16796875	2.3574509620666504
4.133527105249563	19768.18359375	2.388451099395752
4.136151452691983	19731.31640625	2.397366762161255
4.138775800134403	19852.162109375	2.424231767654419
4.141400147576824	19484.443359375	2.3976287841796875
4.144024495019243	19919.5859375	2.4380295276641846
4.146648842461664	19771.361328125	2.4446961879730225
4.149273189904084	19663.58203125	2.4456191062927246
4.151897537346504	19846.755859375	2.4705307483673096
4.154521884788924	19823.25390625	2.4866552352905273
4.157146232231344	19819.2265625	2.4873576164245605
4.159770579673764	19910.1171875	2.507169485092163
4.162394927116185	19747.80078125	2.5112617015838623
4.165019274558604	20043.783203125	2.543405771255493
4.167643622001025	19744.9765625	2.531511068344116
4.170267969443445	19516.08203125	2.5251336097717285
4.172892316885865	19539.216796875	2.532639265060425
4.175516664328285	19364.765625	2.5228307247161865
4.178141011770705	19726.806640625	2.5628507137298584
4.180765359213125	19817.486328125	2.58439564704895
4.183389706655546	19866.57421875	2.59942889213562
4.186014054097966	19651.05078125	2.5965240001678467
4.188638401540386	19672.1953125	2.6065163612365723
4.1912627489828065	19614.681640625	2.613830327987671
4.193887096425226	20127.44921875	2.6817784309387207
4.196511443867647	19601.63671875	2.651643991470337
4.199135791310066	19422.375	2.6566731929779053
4.201760138752487	19689.1171875	2.6870927810668945
4.204384486194907	19818.15625	2.7003896236419678
4.207008833637327	19662.228515625	2.704822301864624
4.209633181079747	19642.3359375	2.722529649734497
4.2122575285221675	19442.9140625	2.7276768684387207
4.214881875964587	19192.18359375	2.724388599395752
4.217506223407008	19722.529296875	2.780590057373047
4.220130570849427	19714.765625	2.7863969802856445
4.222754918291848	19752.77734375	2.7996184825897217
4.225379265734268	20120.068359375	2.8475358486175537
4.228003613176688	19888.638671875	2.8477489948272705
4.230627960619108	19861.88671875	2.8550121784210205
4.2332523080615285	20105.697265625	2.8795969486236572
4.235876655503948	19915.11328125	2.8823885917663574
4.238501002946369	19846.458984375	2.894838333129883
4.2411253503887885	19893.560546875	2.918016195297241
4.243749697831209	19510.736328125	2.9043684005737305
4.246374045273629	19992.4296875	2.960956573486328
4.248998392716049	19878.013671875	2.9613325595855713
4.251622740158469	19701.25	2.969325065612793
4.2542470876008895	19249.521484375	2.932969331741333
4.256871435043309	19914.9296875	3.0125086307525635
4.25949578248573	19597.69921875	2.988591432571411
4.2621201299281495	19558.34765625	2.9951725006103516
4.26474447737057	19784.80859375	3.0258307456970215
4.26736882481299	19997.14453125	3.0430350303649902
4.26999317225541	19791.115234375	3.0387349128723145
4.27261751969783	20013.791015625	3.091442108154297
4.275241867140251	19438.275390625	3.0495455265045166
4.277866214582671	19770.361328125	3.086655378341675
4.280490562025091	19906.99609375	3.0897529125213623
4.283114909467511	19627.326171875	3.075814962387085
4.285739256909931	19480.033203125	3.083613872528076
4.288363604352352	19954.55078125	3.138981342315674
4.290987951794771	19981.498046875	3.1543147563934326
4.293612299237192	20049.298828125	3.188674211502075
4.296236646679612	19428.697265625	3.1361377239227295
4.298860994122032	19265.23828125	3.1311094760894775
4.301485341564452	19883.478515625	3.179333209991455
4.304109689006872	19900.634765625	3.1797423362731934
4.306734036449292	19649.90625	3.166069746017456
4.309358383891713	19836.6953125	3.1893465518951416
4.311982731334132	20236.806640625	3.2363393306732178
4.314607078776553	19919.71484375	3.2061030864715576
4.317231426218973	19461.4765625	3.1734461784362793
4.319855773661393	20130.568359375	3.2644500732421875
4.322480121103813	20319.29296875	3.2758536338806152
4.325104468546233	20198.09765625	3.277259349822998
4.327728815988653	19441.474609375	3.2230384349823
4.330353163431074	19464.900390625	3.247267961502075
4.332977510873493	19623.359375	3.270493268966675
4.335601858315914	19259.87109375	3.2212719917297363
4.338226205758334	19621.314453125	3.28141188621521
4.340850553200754	20172.486328125	3.3416192531585693
4.343474900643174	20205.806640625	3.359095811843872
4.3460992480855944	20131.572265625	3.36814546585083
4.348723595528014	19826.833984375	3.3404765129089355
4.351347942970435	19642.91796875	3.3280766010284424
4.353972290412854	19794.25	3.341109275817871
4.356596637855275	19762.60546875	3.348560094833374
4.359220985297695	19674.931640625	3.3335165977478027
4.361845332740115	19357.82421875	3.2985124588012695
4.364469680182536	19486.375	3.311920166015625
4.3670940276249555	19743.03125	3.3383655548095703
4.369718375067376	19154.78515625	3.2741544246673584
4.372342722509796	19721.689453125	3.337566614151001
4.374967069952216	19901.369140625	3.3446013927459717
4.377591417394636	20234.998046875	3.379345417022705
4.3802157648370565	19913.4609375	3.362421751022339
4.382840112279476	19629.279296875	3.337414264678955
4.385464459721897	19855.880859375	3.362924098968506
4.3880888071643165	19529.896484375	3.3182599544525146
4.390713154606737	20007.365234375	3.371410846710205
4.393337502049157	19907.890625	3.374915599822998
4.395961849491577	19313.29296875	3.3173582553863525
4.398586196933997	19584.453125	3.344912528991699
4.401210544376418	19845.673828125	3.3700497150421143
4.403834891818837	20110.2421875	3.3896079063415527
4.406459239261258	19737.408203125	3.3507423400878906
4.4090835867036775	20083.212890625	3.393491268157959
4.411707934146098	19563.943359375	3.340967893600464
4.414332281588518	19325.130859375	3.3132846355438232
4.416956629030938	20012.533203125	3.3823394775390625
4.419580976473358	20401.287109375	3.425640821456909
4.422205323915779	19863.5390625	3.3678269386291504
4.424829671358198	20314.466796875	3.422311305999756
4.427454018800619	20353.05859375	3.415327310562134
4.4300783662430385	19442.470703125	3.3364524841308594
4.432702713685459	19149.263671875	3.3228862285614014
4.435327061127879	19342.201171875	3.3381235599517822
4.437951408570299	19677.49609375	3.3678455352783203
4.440575756012719	20038.880859375	3.404308557510376
4.44320010345514	20020.4296875	3.3974368572235107
4.445824450897559	20015.927734375	3.3951218128204346
4.44844879833998	19859.67578125	3.39664626121521
4.4510731457823995	20082.48828125	3.4141898155212402
4.45369749322482	19865.07421875	3.386728525161743
4.456321840667241	20047.89453125	3.418463706970215
4.45894618810966	19411.6484375	3.3477602005004883
4.461570535552081	19969.3203125	3.4129300117492676
4.464194882994501	19990.287109375	3.406766891479492
4.466819230436921	19985.380859375	3.4047858715057373
4.469443577879341	20008.283203125	3.4271697998046875
4.4720679253217615	19307.95703125	3.350464105606079
4.474692272764181	19847.96484375	3.409738779067993
4.477316620206602	19835.765625	3.414689064025879
4.479940967649021	19863.962890625	3.42244029045105
4.482565315091442	19595.119140625	3.390648126602173
4.485189662533862	20011.521484375	3.436069965362549
4.487814009976282	19559.365234375	3.3734288215637207
4.490438357418702	20002.080078125	3.432795763015747
4.4930627048611225	20250.783203125	3.468493700027466
4.495687052303542	20001.166015625	3.4324824810028076
4.498311399745963	20067.39453125	3.437674045562744
4.500935747188382	19995.056640625	3.432152032852173
4.503560094630803	19845.833984375	3.429192543029785
4.506184442073223	19560.25390625	3.395796060562134
4.508808789515643	19828.849609375	3.4300639629364014
4.511433136958063	19556.7109375	3.3868865966796875
4.5140574844004835	20015.443359375	3.423476457595825
4.516681831842903	19508.478515625	3.3664352893829346
4.519306179285324	19962.046875	3.4194226264953613
4.521930526727743	19947.251953125	3.4343366622924805
4.524554874170164	19663.39453125	3.4188804626464844
4.527179221612584	19771.05859375	3.4445443153381348
4.529803569055004	20126.091796875	3.4915990829467773
4.532427916497424	19648.44921875	3.4434499740600586
4.5350522639398445	19721.419921875	3.4717354774475098
4.537676611382264	19811.478515625	3.468984603881836
4.540300958824685	20268.638671875	3.506782054901123
4.542925306267105	20008.611328125	3.482994318008423
4.545549653709525	19868.775390625	3.4791195392608643
4.548174001151946	19507.732421875	3.4386048316955566
4.550798348594365	19660.060546875	3.47159743309021
4.553422696036786	19796.22265625	3.500319719314575
4.5560470434792055	20274.935546875	3.523280620574951
4.558671390921626	20328.42578125	3.525470018386841
4.561295738364046	19835.95703125	3.490905523300171
4.563920085806466	19999.884765625	3.5098352432250977
4.566544433248886	19870.85546875	3.488872528076172
4.569168780691307	20058.35546875	3.5034914016723633
4.571793128133726	19942.89453125	3.4890732765197754
4.574417475576147	20231.71484375	3.5146477222442627
4.5770418230185665	20107.849609375	3.49357008934021
4.579666170460987	19973.0390625	3.482909917831421
4.582290517903407	19362.49609375	3.419529914855957
4.584914865345827	20221.986328125	3.520956516265869
4.587539212788247	19836.244140625	3.4919490814208984
4.590163560230668	19935.875	3.5044634342193604
4.592787907673087	19634.037109375	3.455979347229004
4.595412255115508	20327.373046875	3.5285091400146484
4.598036602557928	20080.693359375	3.5079233646392822
4.600660950000348	19417.41015625	3.4516353607177734
4.603285297442768	19557.23828125	3.4711437225341797
4.605909644885188	19214.822265625	3.4291632175445557
4.608533992327608	20364.08984375	3.544133186340332
4.611158339770029	20329.37890625	3.528776168823242
4.613782687212448	19713.416015625	3.4773154258728027
4.616407034654869	19565.3046875	3.4604806900024414
4.619031382097289	19501.23046875	3.4532246589660645
4.621655729539709	19717.798828125	3.4785680770874023
4.624280076982129	20103.224609375	3.525752305984497
4.626904424424549	19672.572265625	3.486840009689331
4.629528771866969	19707.93359375	3.480746030807495
4.63215311930939	20477.173828125	3.559858560562134
4.63477746675181	20206.67578125	3.5211732387542725
4.63740181419423	20134.25	3.518598794937134
4.6400261616366505	20003.123046875	3.510309934616089
4.64265050907907	19877.83203125	3.4953525066375732
4.645274856521491	20215.708984375	3.5408029556274414
4.64789920396391	19726.759765625	3.4942164421081543
4.650523551406331	20085.2421875	3.5351855754852295
4.653147898848751	19871.58203125	3.497734308242798
4.655772246291171	19922.95703125	3.5111379623413086
4.658396593733591	19960.431640625	3.514904737472534
4.6610209411760115	19801.09375	3.513659715652466
4.663645288618431	19714.798828125	3.5060243606567383
4.666269636060852	19673.033203125	3.4797465801239014
4.6688939835032714	20241.7578125	3.548893928527832
4.671518330945692	19886.984375	3.5180137157440186
4.674142678388112	19661.193359375	3.4932775497436523
4.676767025830532	19543.568359375	3.478199005126953
4.679391373272952	19879.041015625	3.5196666717529297
4.6820157207153725	19918.939453125	3.5266621112823486
4.684640068157792	19832.072265625	3.5183656215667725
4.687264415600213	20068.7578125	3.5407660007476807
4.6898887630426325	20078.66015625	3.5347578525543213
4.692513110485053	20360.447265625	3.5752923488616943
4.695137457927473	19949.74609375	3.5391135215759277
4.697761805369893	19571.216796875	3.50628924369812
4.700386152812313	19345.2109375	3.4871931076049805
4.7030105002547336	19572.025390625	3.509946823120117
4.705634847697153	20181.6796875	3.5677976608276367
4.708259195139574	20240.634765625	3.5649573802948
4.7108835425819935	20621.341796875	3.605259895324707
4.713507890024414	20261.50390625	3.5688440799713135
4.716132237466834	20132.0859375	3.5640013217926025
4.718756584909254	20019.412109375	3.5431463718414307
4.721380932351675	20064.826171875	3.5510034561157227
4.724005279794095	20397.96484375	3.59704327583313
4.726629627236515	19742.689453125	3.521082878112793
4.729253974678935	19670.251953125	3.5218844413757324
4.731878322121355	19913.89453125	3.554252862930298
4.734502669563775	19912.515625	3.541341543197632
4.737127017006196	20029.87109375	3.5525903701782227
4.739751364448615	19512.283203125	3.5046396255493164
4.742375711891036	20094.908203125	3.5801188945770264
4.745000059333456	19493.037109375	3.5143637657165527
4.747624406775876	19757.025390625	3.5298197269439697
4.750248754218296	20404.345703125	3.589447498321533
4.752873101660716	20229.625	3.5873677730560303
4.755497449103136	20024.927734375	3.5662009716033936
4.758121796545557	19932.568359375	3.5530083179473877
4.760746143987976	19739.00390625	3.541497230529785
4.763370491430397	19654.62109375	3.5315375328063965
4.765994838872817	19997.912109375	3.571430206298828
4.768619186315237	19838.4453125	3.546110153198242
4.771243533757657	20715.845703125	3.6416380405426025
4.773867881200077	20770.0390625	3.641521692276001
4.776492228642497	20746.158203125	3.651339292526245
4.779116576084918	20360.86328125	3.6170198917388916
4.781740923527337	20291.158203125	3.6012227535247803
4.784365270969758	20152.126953125	3.583836555480957
4.786989618412178	20269.720703125	3.5936264991760254
4.789613965854598	20389.568359375	3.5968551635742188
4.792238313297018	20070.931640625	3.5549044609069824
4.7948626607394385	20384.01953125	3.595552921295166
4.797487008181858	19902.359375	3.5560503005981445
4.800111355624279	20015.2421875	3.58834171295166
4.802735703066698	20280.439453125	3.62027907371521
4.805360050509119	20030.087890625	3.5972952842712402
4.807984397951539	19682.189453125	3.5467493534088135
4.810608745393959	20672.08984375	3.6613996028900146
4.81323309283638	20002.04296875	3.5807042121887207
4.8158574402787995	20406.794921875	3.6400787830352783
4.81848178772122	20105.470703125	3.6252334117889404
4.82110613516364	20001.453125	3.633589029312134
4.82373048260606	19975.388671875	3.6338040828704834
4.82635483004848	20375.66015625	3.6870994567871094
4.8289791774909006	19951.37109375	3.653273820877075
4.83160352493332	19818.08984375	3.6577513217926025
4.834227872375741	20000.2734375	3.6800460815429688
4.8368522198181605	19674.271484375	3.663001537322998
4.839476567260581	20512.474609375	3.76883602142334
4.842100914703001	20417.845703125	3.7576775550842285
4.844725262145421	20995.423828125	3.740780830383301
4.847349609587841	36614.26953125	5.38388204574585
4.849973957030262	19980.47265625	3.749863624572754
4.852598304472681	19558.6640625	3.717930555343628
4.855222651915102	20641.708984375	3.8479602336883545
4.8578469993575215	20203.4921875	3.798022508621216
4.860471346799942	20143.248046875	3.8194310665130615
4.863095694242362	20317.54296875	3.8571856021881104
4.865720041684782	37369.91796875	5.56146240234375
4.868344389127202	20933.548828125	3.8139288425445557
4.870968736569623	19729.279296875	3.81984281539917
4.873593084012042	20052.326171875	3.8535690307617188
4.876217431454463	20497.5703125	3.9258618354797363
4.8788417788968825	20257.435546875	3.908285140991211
4.881466126339303	19814.82421875	3.860900402069092
4.884090473781723	19962.755859375	3.91432523727417
4.886714821224143	19899.451171875	3.9172921180725098
4.889339168666563	20377.58984375	3.9823222160339355
4.891963516108984	20132.869140625	3.975531816482544
4.894587863551403	20187.556640625	3.9918031692504883
4.897212210993824	24883.2578125	4.1308159828186035
4.8998365584362435	34487.20703125	5.270391464233398
4.902460905878664	20410.99609375	4.049612998962402
4.905085253321085	20237.720703125	4.047633171081543
4.907709600763504	20032.712890625	4.0452375411987305
4.910333948205925	19646.005859375	4.024761199951172
4.912958295648345	39271.45703125	6.214857578277588
4.915582643090765	20361.2890625	4.140913009643555
4.918206990533185	19550.935546875	4.059782028198242
4.9208313379756055	20932.705078125	4.230694770812988
4.923455685418025	20342.46484375	4.167332172393799
4.926080032860446	19678.26953125	4.092264652252197
4.928704380302865	20190.24609375	4.184305191040039
4.931328727745286	19900.728515625	4.167227268218994
4.933953075187706	20168.900390625	4.201117992401123
4.936577422630126	20645.978515625	4.27868127822876
4.939201770072546	20012.056640625	4.2276740074157715
4.9418261175149665	19652.552734375	4.201834678649902
4.944450464957386	19847.205078125	4.252773761749268
4.947074812399807	19921.7265625	4.26819372177124
4.949699159842226	20766.33984375	4.376765727996826
4.952323507284647	19866.607421875	4.28378963470459
4.954947854727067	20366.123046875	4.366248607635498
4.957572202169487	20103.822265625	4.3496198654174805
4.960196549611907	19899.873046875	4.359832763671875
4.9628208970543275	20169.14453125	4.415895938873291
4.965445244496747	19923.517578125	4.3934807777404785
4.968069591939168	20832.494140625	4.509994983673096
4.970693939381587	21036.373046875	4.549587726593018
4.973318286824008	19946.779296875	4.42794942855835
4.975942634266428	20073.103515625	4.47374963760376
4.978566981708848	20369.380859375	4.545055866241455
4.981191329151268	20016.029296875	4.530825614929199
4.9838156765936885	19814.65625	4.494180202484131
4.986440024036108	20590.408203125	4.634208679199219
4.989064371478529	20261.849609375	4.611614227294922
4.991688718920949	20472.470703125	4.641360282897949
4.994313066363369	20200.056640625	4.632167339324951
4.99693741380579	20296.5546875	4.6746649742126465
4.999561761248209	20066.556640625	4.685091972351074
5.00218610869063	20422.896484375	4.748808860778809
5.0048104561330495	20038.318359375	4.693906307220459
5.00743480357547	20526.49609375	4.794267177581787
5.01005915101789	20483.720703125	4.789173603057861
5.01268349846031	20535.505859375	4.8432159423828125
5.01530784590273	20207.767578125	4.788393497467041
5.017932193345151	20654.501953125	4.87967586517334
5.02055654078757	20408.755859375	4.87105655670166
5.023180888229991	19898.146484375	4.848590850830078
5.0258052356724106	20635.298828125	4.996432304382324
5.028429583114831	20301.07421875	4.931230068206787
5.031053930557251	20390.18359375	5.002668380737305
5.033678277999671	20198.123046875	4.983231544494629
5.036302625442091	20202.66796875	5.005949974060059
5.038926972884512	20193.677734375	5.025233745574951
5.041551320326931	20307.8203125	5.064445972442627
5.044175667769352	20678.388671875	5.1720123291015625
5.046800015211772	19454.7734375	5.007446765899658
5.049424362654192	19561.859375	5.026259899139404
5.052048710096612	20713.662109375	5.179521560668945
5.054673057539032	20387.79296875	5.148256778717041
5.057297404981452	20320.84375	5.173125743865967
5.059921752423873	20230.986328125	5.183564186096191
5.062546099866292	20413.8984375	5.171089172363281
5.065170447308713	21243.59375	5.305290699005127
5.067794794751133	19802.70703125	5.117798805236816
5.070419142193553	19420.43359375	5.094770431518555
5.073043489635973	20424.2265625	5.258330821990967
5.075667837078393	21052.296875	5.346508502960205
5.078292184520813	19824.35546875	5.211186408996582
5.080916531963234	20066.3359375	5.30402135848999
5.083540879405654	20617.96875	5.446351528167725
5.086165226848074	19969.78515625	5.341250419616699
5.0887895742904945	19498.67578125	5.3106255531311035
5.091413921732914	19937.69921875	5.485308647155762
5.094038269175335	20373.052734375	5.537419319152832
5.096662616617754	20134.814453125	5.516890525817871
5.099286964060175	20598.580078125	5.619906902313232
5.101911311502595	20171.416015625	5.562809467315674
5.104535658945015	20399.02734375	5.659771919250488
5.107160006387435	19679.904296875	5.577863693237305
5.1097843538298555	19954.330078125	5.697866916656494
5.112408701272275	20376.525390625	5.782557964324951
5.115033048714696	20140.037109375	5.807677745819092
5.1176573961571155	19117.630859375	5.621901512145996
5.120281743599536	20892.09765625	5.9856672286987305
5.122906091041956	19924.259765625	5.871636867523193
5.125530438484376	20711.623046875	6.0604472160339355
5.128154785926796	20292.634765625	6.01513671875
5.1307791333692165	20120.580078125	6.043815612792969
5.133403480811636	20797.03515625	6.225232124328613
5.136027828254057	19183.39453125	5.939972877502441
5.1386521756964765	20368.130859375	6.217824935913086
5.141276523138897	21029.56640625	6.361448764801025
5.143900870581317	19883.955078125	6.212305545806885
5.146525218023737	19765.8828125	6.2473368644714355
5.149149565466157	19928.455078125	6.364909648895264
5.151773912908578	19987.369140625	6.432486534118652
5.154398260350997	19054.89453125	6.27634859085083
5.157022607793418	19634.85546875	6.461979389190674
5.1596469552358375	20399.15625	6.633564472198486
5.162271302678258	20157.259765625	6.680069446563721
5.164895650120678	19756.72265625	6.599084377288818
5.167519997563098	21035.162109375	6.929821968078613
5.170144345005519	19343.396484375	6.681301593780518
5.172768692447939	19365.7890625	6.764213562011719
5.175393039890359	19754.380859375	6.877081871032715
5.178017387332779	20195.31640625	7.017776012420654
5.180641734775199	20823.205078125	7.265580177307129
5.183266082217619	20920.267578125	7.294272422790527
5.18589042966004	20295.56640625	7.183642387390137
5.188514777102459	20274.48828125	7.354851245880127
5.19113912454488	19584.46875	7.279336929321289
5.1937634719873	20124.30859375	7.472458839416504
5.19638781942972	20922.93359375	7.802698135375977
5.19901216687214	21446.09765625	7.9846978187561035
5.20163651431456	21945.119140625	8.167719841003418
5.20426086175698	19884.89453125	7.780370235443115
5.206885209199401	20988.923828125	8.154571533203125
5.20950955664182	19426.103515625	7.919188976287842
5.212133904084241	20278.935546875	8.203445434570312
5.214758251526661	21387.599609375	8.64175033569336
5.217382598969081	19950.357421875	8.422859191894531
5.220006946411501	20706.08203125	8.650537490844727
5.222631293853921	21849.197265625	9.0750150680542
5.225255641296341	20250.03125	8.723889350891113
5.227879988738762	20113.783203125	8.843055725097656
5.230504336181181	19918.77734375	8.990389823913574
5.233128683623602	20135.90625	9.28858757019043
5.235753031066022	20439.990234375	9.43509292602539
5.238377378508442	20053.3828125	9.456619262695312
5.241001725950862	20113.580078125	9.697278022766113
5.2436260733932825	21051.01953125	10.183211326599121
5.246250420835702	20567.04296875	10.262788772583008
5.248874768278123	18937.76953125	9.846464157104492
5.251499115720542	20798.69921875	10.795482635498047
5.254123463162963	20956.201171875	10.96623420715332
5.256747810605383	20232.25390625	11.077266693115234
5.259372158047803	19942.2890625	11.417943954467773
5.261996505490224	18879.59765625	11.276288986206055
5.2646208529326435	21123.986328125	12.398645401000977
5.267245200375064	19238.20703125	11.899081230163574
5.269869547817484	21249.7578125	13.002334594726562
5.272493895259904	21231.265625	13.313154220581055
5.275118242702324	19877.796875	13.585302352905273
5.277742590144745	20888.07421875	14.371912956237793
5.280366937587164	21333.205078125	15.145195007324219
5.282991285029585	21145.83203125	15.990206718444824
5.2856156324720045	19149.162109375	16.124765396118164
5.288239979914425	20154.23828125	17.306413650512695
5.290864327356845	21458.291015625	18.824342727661133
5.293488674799265	19570.173828125	19.657644271850586
5.296113022241685	19517.447265625	20.794883728027344
5.298737369684106	19886.5703125	22.9439697265625
5.301361717126525	22488.28125	27.55268669128418
5.303986064568946	24594.71875	35.6917610168457
5.3066104120113655	18725.796875	39.83708190917969
5.309234759453786	23160.984375	75.23796081542969
