# Image Name = PBS_13_001_norm_00000, Mask Path = /ibira/lnls/beamlines/sapucaia/proposals/20262585/proc/mask_BSA.npy, Azimuth Min (deg) = -180, Azimuth Max (deg) = 180,  
# X Unit = q_nm^-1, Polarization = None, X Min = 0.06316422205592498, X Max = 5.309234759453786,  
# Error Model = poisson, N Bins = 2000, Norm Factor = 1, Solid Angle = yes,  
# Poni File = None, Samp-Det Dist (m) = 1.44, X Center (px) = 635, Y Center (px) = 2442,  
# X Pixel (μm) = 55, Y Pixel (μm) = 55, Tilt (deg) = 0, Tilt Plan Rot (deg) = 0,  
# Tilt3 (deg) = 0, Wavelength (Å) = 1.549, Spline = None, 
# q	Intensity	std
0.06316422205592498	188814.203125	74.45048522949219
0.06578856949834512	167060.28125	36.62640380859375
0.06841291694076526	157034.0625	28.466867446899414
0.0710372643831854	147472.125	24.67414665222168
0.07366161182560554	137254.46875	21.60369300842285
0.07628595926802569	129439.609375	19.348175048828125
0.07891030671044583	121166.0390625	17.15253448486328
0.08153465415286595	114209.3046875	15.167186737060547
0.08415900159528611	106729.078125	14.129424095153809
0.08678334903770624	101155.328125	13.370393753051758
0.08940769648012639	96328.296875	12.712396621704102
0.09203204392254652	91763.9453125	12.192793846130371
0.09465639136496666	86486.421875	11.618438720703125
0.0972807388073868	81897.0625	11.083998680114746
0.09990508624980694	78768.34375	10.733200073242188
0.10252943369222708	77048.7421875	10.466384887695312
0.10515378113464723	72810.921875	9.979581832885742
0.10777812857706737	68265.1015625	9.478795051574707
0.11040247601948751	66827.46875	9.293855667114258
0.11302682346190765	63557.84375	8.945981979370117
0.11565117090432779	62249.44921875	8.689857482910156
0.11827551834674793	60150.12109375	8.452388763427734
0.12089986578916806	58461.33984375	8.221146583557129
0.12352421323158821	57383.4921875	8.023573875427246
0.12614856067400834	55666.4140625	7.833092212677002
0.1287729081164285	53782.47265625	7.576541423797607
0.13139725555884862	52326.7734375	7.382242679595947
0.13402160300126875	50456.7265625	7.090075492858887
0.1366459504436889	50068.2890625	7.012116432189941
0.13927029788610906	48154.46875	6.7828240394592285
0.1418946453285292	46725.63671875	6.5650434494018555
0.14451899277094932	46566.8359375	6.517988204956055
0.14714334021336947	45630.75390625	6.381649494171143
0.14976768765578963	43932.40625	6.171528339385986
0.15239203509820975	42929.65234375	6.065770149230957
0.15501638254062988	41874.9453125	5.907794952392578
0.15764072998305004	42360.54296875	5.883251190185547
0.1602650774254702	41192.7890625	5.765168190002441
0.16288942486789032	40351.73828125	5.667601585388184
0.16551377231031045	39111.40234375	5.47787618637085
0.1681381197527306	38891.2421875	5.363128662109375
0.17076246719515073	38505.41015625	5.323827266693115
0.17338681463757089	37254.90234375	5.170967102050781
0.176011162079991	36460.2890625	5.038532733917236
0.17863550952241114	37003.59765625	5.085482597351074
0.1812598569648313	36865.66015625	5.016591548919678
0.18388420440725145	36074.26953125	4.916645050048828
0.18650855184967158	34464.57421875	4.774689674377441
0.1891328992920917	35037.8671875	4.842721462249756
0.19175724673451186	34746.984375	4.949292182922363
0.194381594176932	34715.17578125	5.099965572357178
0.19700594161935214	34409.953125	5.3691253662109375
0.19963028906177227	33799.46875	5.664611339569092
0.20225463650419243	31972.51953125	5.719304084777832
0.20487898394661255	32420.14453125	5.771015644073486
0.2075033313890327	32477.6484375	5.467233657836914
0.21012767883145284	31881.37890625	5.206148147583008
0.212752026273873	32059.2109375	5.097630023956299
0.21537637371629312	32204.5859375	4.920816421508789
0.21800072115871327	31323.3046875	4.713525772094727
0.2206250686011334	30463.44140625	4.5722479820251465
0.22324941604355356	30208.333984375	4.4987263679504395
0.22587376348597368	30331.626953125	4.431316375732422
0.22849811092839384	29881.046875	4.320804119110107
0.23112245837081397	30197.201171875	4.318836688995361
0.2337468058132341	30093.935546875	4.239606857299805
0.23637115325565425	29917.466796875	4.161831855773926
0.23899550069807438	29771.05078125	4.123869895935059
0.24161984814049453	29135.86328125	4.024253845214844
0.24424419558291466	29297.79296875	3.9848790168762207
0.2468685430253348	29233.884765625	3.955399751663208
0.24949289046775494	29390.875	3.9566447734832764
0.2521172379101751	28769.97265625	3.8604795932769775
0.2547415853525952	27771.759765625	3.7521212100982666
0.2573659327950154	28488.857421875	3.7953407764434814
0.25999028023743553	28706.607421875	3.7635912895202637
0.26261462767985566	28146.974609375	3.69991397857666
0.2652389751222758	28088.64453125	3.698498249053955
0.2678633225646959	27739.220703125	3.63181734085083
0.27048767000711604	27512.0234375	3.5740842819213867
0.2731120174495362	27348.044921875	3.56650972366333
0.27573636489195635	26918.490234375	3.4922642707824707
0.2783607123343765	27287.51953125	3.467252016067505
0.28098505977679666	27028.064453125	3.42697811126709
0.2836094072192168	27360.044921875	3.4419288635253906
0.2862337546616369	27078.826171875	3.4029030799865723
0.28885810210405705	26514.4453125	3.3618838787078857
0.2914824495464772	26505.41015625	3.3631482124328613
0.2941067969888973	26440.34765625	3.3376827239990234
0.2967311444313175	26143.5703125	3.3076889514923096
0.2993554918737376	25929.029296875	3.2799606323242188
0.3019798393161578	26017.1015625	3.2647762298583984
0.3046041867585779	25967.658203125	3.236804246902466
0.30722853420099805	26213.28515625	3.2430760860443115
0.3098528816434182	26276.845703125	3.2455289363861084
0.3124772290858383	25999.416015625	3.191735029220581
0.31510157652825843	26189.58203125	3.1937646865844727
0.3177259239706786	26288.4296875	3.195115089416504
0.32035027141309874	25944.486328125	3.1404101848602295
0.32297461885551887	25771.392578125	3.1204075813293457
0.325598966297939	25342.111328125	3.0876548290252686
0.3282233137403592	25311.037109375	3.065580368041992
0.3308476611827793	25170.078125	3.0376052856445312
0.33347200862519943	25467.19921875	3.0643057823181152
0.33609635606761956	25716.484375	3.0714051723480225
0.33872070351003974	24897.283203125	2.9861812591552734
0.34134505095245987	25380.15625	3.0139527320861816
0.34396939839488	25303.88671875	3.0095362663269043
0.3465937458373001	24853.2578125	2.961054563522339
0.3492180932797203	25299.97265625	2.987545967102051
0.35184244072214044	25142.447265625	2.9586212635040283
0.35446678816456056	25217.28515625	2.942540407180786
0.3570911356069807	24749.5390625	2.9030165672302246
0.3597154830494008	25060.119140625	2.930316209793091
0.362339830491821	24617.73828125	2.880673885345459
0.36496417793424113	24779.724609375	2.8691234588623047
0.36758852537666126	24764.361328125	2.8691976070404053
0.3702128728190814	24778.37890625	2.8628358840942383
0.37283722026150157	24697.7265625	2.837599515914917
0.3754615677039217	24639.19140625	2.8257243633270264
0.3780859151463418	24617.16015625	2.817350149154663
0.38071026258876195	24237.083984375	2.771488666534424
0.38333461003118213	24263.134765625	2.7604963779449463
0.38595895747360226	24278.232421875	2.7704508304595947
0.3885833049160224	23841.88671875	2.7222838401794434
0.3912076523584425	23872.875	2.7081995010375977
0.3938319998008627	24106.412109375	2.724485158920288
0.3964563472432828	24270.71875	2.728940486907959
0.39908069468570295	23939.107421875	2.686062812805176
0.4017050421281231	24317.982421875	2.701889753341675
0.4043293895705432	24381.33984375	2.6980676651000977
0.4069537370129634	24339.033203125	2.683573007583618
0.4095780844553835	23851.087890625	2.648892879486084
0.41220243189780365	23901.31640625	2.6580328941345215
0.4148267793402238	23625.564453125	2.6189072132110596
0.41745112678264396	23817.638671875	2.6163783073425293
0.4200754742250641	23942.451171875	2.630629301071167
0.4226998216674842	23525.69921875	2.5889177322387695
0.42532416910990434	24058.115234375	2.607537269592285
0.4279485165523245	23984.390625	2.5984365940093994
0.43057286399474465	23337.08984375	2.547020435333252
0.4331972114371648	24067.232421875	2.581350564956665
0.4358215588795849	23815.486328125	2.5661818981170654
0.4384459063220051	23489.93359375	2.5306079387664795
0.4410702537644252	23396.744140625	2.50390362739563
0.44369460120684534	23710.822265625	2.5290586948394775
0.44631894864926547	23481.0	2.504429578781128
0.4489432960916856	23924.892578125	2.520618438720703
0.4515676435341058	23722.416015625	2.503084182739258
0.4541919909765259	23422.109375	2.486185312271118
0.45681633841894603	23523.439453125	2.478841543197632
0.45944068586136616	23365.087890625	2.4588348865509033
0.46206503330378634	23220.765625	2.449413299560547
0.46468938074620647	23262.654296875	2.441882610321045
0.4673137281886266	23154.236328125	2.4243459701538086
0.4699380756310467	23328.755859375	2.4377403259277344
0.4725624230734669	23479.458984375	2.4370810985565186
0.47518677051588704	23377.44140625	2.412580966949463
0.47781111795830716	23342.759765625	2.4069952964782715
0.4804354654007273	23400.638671875	2.406691551208496
0.4830598128431475	23392.62890625	2.39642333984375
0.4856841602855676	23263.373046875	2.378777503967285
0.48830850772798773	23472.814453125	2.387282609939575
0.49093285517040786	23231.037109375	2.3689396381378174
0.493557202612828	22928.384765625	2.3431007862091064
0.49618155005524817	22911.326171875	2.34238862991333
0.4988058974976683	23268.80078125	2.3521370887756348
0.5014302449400885	23583.498046875	2.356766700744629
0.5040545923825086	22911.775390625	2.3155012130737305
0.5066789398249287	22791.8125	2.306246519088745
0.5093032872673489	23183.14453125	2.317943811416626
0.511927634709769	23007.828125	2.3020784854888916
0.5145519821521891	23063.5234375	2.3043923377990723
0.5171763295946092	22993.1484375	2.2913858890533447
0.5198006770370294	22595.20703125	2.262683868408203
0.5224250244794495	23102.439453125	2.2971689701080322
0.5250493719218696	22951.20703125	2.27392840385437
0.5276737193642898	22967.115234375	2.2572853565216064
0.53029806680671	23022.775390625	2.2644739151000977
0.5329224142491301	22824.740234375	2.2463369369506836
0.5355467616915502	23040.22265625	2.2466988563537598
0.5381711091339704	22967.783203125	2.242459297180176
0.5407954565763906	22996.541015625	2.240955352783203
0.5434198040188107	22891.419921875	2.221881628036499
0.5460441514612309	22908.357421875	2.218012571334839
0.548668498903651	22719.658203125	2.211724042892456
0.5512928463460711	22643.966796875	2.197277307510376
0.5539171937884912	22969.044921875	2.202561616897583
0.5565415412309114	22710.337890625	2.1889450550079346
0.5591658886733315	22623.36328125	2.179727077484131
0.5617902361157516	22693.912109375	2.1728360652923584
0.5644145835581718	22895.212890625	2.183837652206421
0.5670389310005919	22313.1484375	2.1430392265319824
0.5696632784430121	22637.8515625	2.157426118850708
0.5722876258854322	22525.595703125	2.143622636795044
0.5749119733278524	22823.783203125	2.161569356918335
0.5775363207702725	22752.33984375	2.1473188400268555
0.5801606682126926	22762.205078125	2.144209861755371
0.5827850156551128	22185.462890625	2.1161952018737793
0.5854093630975329	22518.11328125	2.1260688304901123
0.588033710539953	22361.392578125	2.106104850769043
0.5906580579823733	22720.98046875	2.1497247219085693
0.5932824054247934	22704.978515625	2.2058262825012207
0.5959067528672135	22353.88671875	2.234198570251465
0.5985311003096336	22600.478515625	2.3035218715667725
0.6011554477520538	22360.43359375	2.302476644515991
0.6037797951944739	22688.32421875	2.31648325920105
0.606404142636894	22273.103515625	2.2834715843200684
0.6090284900793141	22398.83984375	2.2725419998168945
0.6116528375217343	22105.501953125	2.2384278774261475
0.6142771849641545	22305.134765625	2.2202975749969482
0.6169015324065746	22131.1015625	2.1839704513549805
0.6195258798489948	22052.6171875	2.1588637828826904
0.6221502272914149	22224.578125	2.14936900138855
0.624774574733835	22252.0546875	2.129589319229126
0.6273989221762551	22352.16796875	2.114267110824585
0.6300232696186753	22349.904296875	2.0991339683532715
0.6326476170610954	22314.658203125	2.094754934310913
0.6352719645035156	22344.861328125	2.0966384410858154
0.6378963119459358	22292.890625	2.0883421897888184
0.6405206593883559	22289.03515625	2.082773447036743
0.643145006830776	22517.087890625	2.0965676307678223
0.6457693542731962	22053.740234375	2.0598204135894775
0.6483937017156163	22091.38671875	2.0541577339172363
0.6510180491580364	22147.1640625	2.058143138885498
0.6536423966004565	22457.466796875	2.0644657611846924
0.6562667440428767	22403.84375	2.0500447750091553
0.6588910914852969	22358.779296875	2.046433210372925
0.661515438927717	22253.365234375	2.0354886054992676
0.6641397863701372	22246.615234375	2.0238213539123535
0.6667641338125573	22547.146484375	2.038201332092285
0.6693884812549774	22177.115234375	2.0226242542266846
0.6720128286973975	22097.541015625	2.0099902153015137
0.6746371761398177	21903.583984375	1.9889508485794067
0.6772615235822378	21894.8359375	1.9918105602264404
0.679885871024658	22013.37890625	1.9914524555206299
0.6825102184670782	21905.3515625	1.9735267162322998
0.6851345659094983	21977.302734375	1.9775460958480835
0.6877589133519184	21861.681640625	1.9650814533233643
0.6903832607943385	22146.37109375	1.9697626829147339
0.6930076082367587	22095.685546875	1.9663338661193848
0.6956319556791788	21929.890625	1.9581129550933838
0.6982563031215989	22051.5	1.9540547132492065
0.700880650564019	22135.087890625	1.9557956457138062
0.7035049980064393	21923.037109375	1.943174958229065
0.7061293454488594	22069.6484375	1.9405843019485474
0.7087536928912795	22005.75	1.9331475496292114
0.7113780403336997	22006.14453125	1.9364640712738037
0.7140023877761198	22094.2265625	1.9323395490646362
0.7166267352185399	22116.146484375	1.9232826232910156
0.71925108266096	21891.4375	1.9153505563735962
0.7218754301033802	22177.1640625	1.9275143146514893
0.7244997775458004	22008.3125	1.908817172050476
0.7271241249882205	21953.576171875	1.905582308769226
0.7297484724306407	22049.78515625	1.905397891998291
0.7323728198730608	22427.720703125	1.9180793762207031
0.7349971673154809	22122.814453125	1.8973923921585083
0.737621514757901	22029.078125	1.890133261680603
0.7402458622003212	21982.138671875	1.8860018253326416
0.7428702096427413	22001.890625	1.8823927640914917
0.7454945570851614	21921.873046875	1.8789781332015991
0.7481189045275817	21620.607421875	1.8607583045959473
0.7507432519700018	21593.19140625	1.8473271131515503
0.7533675994124219	22037.65234375	1.8668186664581299
0.7559919468548421	22023.416015625	1.86728835105896
0.7586162942972622	21850.57421875	1.8503865003585815
0.7612406417396823	21673.271484375	1.8379091024398804
0.7638649891821024	21670.41015625	1.8373174667358398
0.7664893366245226	21775.916015625	1.8366289138793945
0.7691136840669428	21825.083984375	1.8363922834396362
0.7717380315093629	21637.25390625	1.8252480030059814
0.7743623789517831	21718.048828125	1.8247158527374268
0.7769867263942032	21516.462890625	1.8066699504852295
0.7796110738366233	21664.962890625	1.8162469863891602
0.7822354212790434	21564.896484375	1.8069936037063599
0.7848597687214636	21727.2578125	1.8085858821868896
0.7874841161638837	21487.27734375	1.7969294786453247
0.7901084636063038	21589.091796875	1.798221230506897
0.7927328110487241	21368.56640625	1.7780331373214722
0.7953571584911442	21714.931640625	1.7940062284469604
0.7979815059335643	22003.4765625	1.803430438041687
0.8006058533759844	21721.25390625	1.7840858697891235
0.8032302008184046	21846.958984375	1.784187912940979
0.8058545482608247	22020.41796875	1.7916069030761719
0.8084788957032448	21695.609375	1.773162841796875
0.811103243145665	21743.2265625	1.7710957527160645
0.8137275905880852	21621.962890625	1.7632087469100952
0.8163519380305053	21687.291015625	1.7630114555358887
0.8189762854729254	21487.9375	1.7475700378417969
0.8216006329153456	21474.48828125	1.747226595878601
0.8242249803577657	21717.37890625	1.7591521739959717
0.8268493278001858	21446.41015625	1.7370647192001343
0.829473675242606	21432.8984375	1.735710859298706
0.8320980226850261	21599.57421875	1.7452188730239868
0.8347223701274462	21363.626953125	1.7256019115447998
0.8373467175698664	21666.599609375	1.7348860502243042
0.8399710650122866	21870.796875	1.7436606884002686
0.8425954124547067	21707.166015625	1.731021761894226
0.8452197598971268	21355.255859375	1.7094043493270874
0.847844107339547	21630.720703125	1.7224406003952026
0.8504684547819671	21098.2109375	1.6913992166519165
0.8530928022243872	21492.224609375	1.7089614868164062
0.8557171496668073	21398.63671875	1.7059367895126343
0.8583414971092276	21519.7421875	1.714392066001892
0.8609658445516477	21349.041015625	1.697899341583252
0.8635901919940678	21523.78125	1.7019662857055664
0.866214539436488	21660.65234375	1.7107698917388916
0.8688388868789081	21547.55859375	1.7007948160171509
0.8714632343213282	21339.033203125	1.6817662715911865
0.8740875817637483	21567.236328125	1.6957051753997803
0.8767119292061685	21398.564453125	1.6850131750106812
0.8793362766485886	21341.287109375	1.6759252548217773
0.8819606240910088	21662.2578125	1.6934610605239868
0.884584971533429	21394.94921875	1.6773149967193604
0.8872093189758491	21687.95703125	1.6844478845596313
0.8898336664182692	21685.134765625	1.683193564414978
0.8924580138606893	21669.548828125	1.6828159093856812
0.8950823613031095	21391.94921875	1.6659979820251465
0.8977067087455296	21350.75390625	1.6600500345230103
0.9003310561879497	21538.41015625	1.6668798923492432
0.90295540363037	21777.8046875	1.677563190460205
0.9055797510727901	21529.61328125	1.663787841796875
0.9082040985152102	21203.923828125	1.652552604675293
0.9108284459576304	21487.82421875	1.6603223085403442
0.9134527934000505	21328.349609375	1.6465798616409302
0.9160771408424706	21258.69140625	1.645012378692627
0.9187014882848907	21456.255859375	1.6517257690429688
0.9213258357273109	21619.70703125	1.6518977880477905
0.923950183169731	21164.337890625	1.6250053644180298
0.9265745306121512	21513.287109375	1.6456009149551392
0.9291988780545714	21496.958984375	1.6429201364517212
0.9318232254969915	21280.447265625	1.6291369199752808
0.9344475729394116	21451.044921875	1.636969804763794
0.9370719203818317	21399.259765625	1.630714774131775
0.9396962678242519	21398.26953125	1.6252638101577759
0.942320615266672	21550.916015625	1.6334162950515747
0.9449449627090921	21542.1015625	1.630906343460083
0.9475693101515122	21329.591796875	1.6163330078125
0.9501936575939325	21186.060546875	1.6079773902893066
0.9528180050363526	21366.2734375	1.616312861442566
0.9554423524787727	21419.3046875	1.614697813987732
0.9580666999211929	21324.201171875	1.6065559387207031
0.960691047363613	21253.97265625	1.6051768064498901
0.9633153948060331	21162.453125	1.5976494550704956
0.9659397422484532	21309.3828125	1.5984903573989868
0.9685640896908734	21195.8046875	1.5944582223892212
0.9711884371332936	21215.203125	1.594689965248108
0.9738127845757137	21312.9375	1.59246027469635
0.9764371320181339	21361.349609375	1.5981117486953735
0.979061479460554	21263.84765625	1.6097922325134277
0.9816858269029741	21020.654296875	1.6017484664916992
0.9843101743453943	21356.14453125	1.6309114694595337
0.9869345217878144	21227.392578125	1.6568262577056885
0.9895588692302345	21183.15625	1.6761125326156616
0.9921832166726546	21403.8203125	1.7079747915267944
0.9948075641150749	21231.009765625	1.7297523021697998
0.997431911557495	21274.1875	1.7485240697860718
1.0000562589999151	21168.669921875	1.7466953992843628
1.0026806064423353	21289.89453125	1.7572932243347168
1.0053049538847554	21274.15234375	1.763160228729248
1.0079293013271755	21067.130859375	1.7528434991836548
1.0105536487695956	21161.361328125	1.7438913583755493
1.0131779962120158	21118.05078125	1.7367857694625854
1.015802343654436	21140.357421875	1.7364028692245483
1.018426691096856	21178.91015625	1.740138053894043
1.0210510385392761	21079.349609375	1.7418690919876099
1.0236753859816963	20916.90234375	1.7356775999069214
1.0262997334241164	21171.154296875	1.7507253885269165
1.0289240808665365	21217.419921875	1.7582579851150513
1.0315484283089567	20970.1796875	1.75100576877594
1.0341727757513768	20791.955078125	1.739076852798462
1.036797123193797	21251.78515625	1.7658687829971313
1.0394214706362173	21273.427734375	1.7693455219268799
1.0420458180786374	21311.572265625	1.7706822156906128
1.0446701655210575	21167.140625	1.7675420045852661
1.0472945129634776	21197.048828125	1.7751421928405762
1.0499188604058978	21016.212890625	1.7626302242279053
1.052543207848318	21165.369140625	1.7709498405456543
1.055167555290738	21194.9140625	1.7786113023757935
1.0577919027331582	21366.96484375	1.7864959239959717
1.0604162501755785	21431.9921875	1.7883269786834717
1.0630405976179986	21090.068359375	1.7760872840881348
1.0656649450604185	21112.880859375	1.7824708223342896
1.0682892925028387	21267.580078125	1.789918303489685
1.0709136399452588	21132.9765625	1.787209391593933
1.0735379873876791	21101.94921875	1.7903869152069092
1.0761623348300993	20931.689453125	1.7791084051132202
1.0787866822725194	20873.66015625	1.7781744003295898
1.0814110297149395	21279.525390625	1.802639365196228
1.0840353771573596	21257.755859375	1.8017791509628296
1.0866597245997798	21034.978515625	1.7891883850097656
1.0892840720422	21092.3515625	1.7939188480377197
1.09190841948462	21051.392578125	1.7939037084579468
1.0945327669270402	21159.283203125	1.804534673690796
1.0971571143694603	21000.5078125	1.802337884902954
1.0997814618118804	20825.91015625	1.7941383123397827
1.1024058092543005	20902.787109375	1.7936710119247437
1.1050301566967207	21305.662109375	1.8151270151138306
1.1076545041391408	21290.158203125	1.8182406425476074
1.110278851581561	21196.51171875	1.8133717775344849
1.112903199023981	20914.42578125	1.7975736856460571
1.1155275464664012	21042.099609375	1.8101130723953247
1.1181518939088215	20938.8125	1.8086628913879395
1.1207762413512417	20889.537109375	1.8059029579162598
1.1234005887936618	20888.86328125	1.8076403141021729
1.126024936236082	20979.77734375	1.811964750289917
1.128649283678502	20731.791015625	1.7985752820968628
1.1312736311209222	21069.943359375	1.8226096630096436
1.1338979785633423	21294.76953125	1.8340550661087036
1.1365223260057624	21142.111328125	1.8220179080963135
1.1391466734481825	20938.81640625	1.8118364810943604
1.1417710208906027	21039.265625	1.8213472366333008
1.1443953683330228	21022.32421875	1.8237093687057495
1.147019715775443	20882.841796875	1.8150079250335693
1.149644063217863	20719.7734375	1.807507038116455
1.1522684106602832	20746.71875	1.8104119300842285
1.1548927581027033	20567.21484375	1.7913594245910645
1.1575171055451234	20806.666015625	1.8022735118865967
1.1601414529875436	20949.2578125	1.807981014251709
1.162765800429964	21148.759765625	1.8182824850082397
1.165390147872384	20673.6484375	1.798585295677185
1.1680144953148042	20792.79296875	1.8071274757385254
1.1706388427572243	20860.380859375	1.814881443977356
1.1732631901996444	20686.328125	1.8092854022979736
1.1758875376420646	20939.18359375	1.8273500204086304
1.1785118850844847	20729.01171875	1.8168326616287231
1.1811362325269048	20876.462890625	1.8215179443359375
1.183760579969325	20675.37890625	1.8163650035858154
1.186384927411745	20628.486328125	1.820887565612793
1.1890092748541652	20926.427734375	1.8340264558792114
1.1916336222965853	20788.533203125	1.8322056531906128
1.1942579697390054	20709.427734375	1.8304097652435303
1.1968823171814256	20777.703125	1.8343091011047363
1.1995066646238457	20786.77734375	1.832834005355835
1.2021310120662658	20894.248046875	1.8451286554336548
1.204755359508686	20597.685546875	1.8339157104492188
1.2073797069511063	20603.75	1.8343902826309204
1.2100040543935264	20442.02734375	1.8331080675125122
1.2126284018359466	20440.326171875	1.8378403186798096
1.2152527492783667	20543.587890625	1.8378387689590454
1.2178770967207868	20821.533203125	1.8556772470474243
1.220501444163207	20823.953125	1.8603562116622925
1.223125791605627	20778.158203125	1.8570640087127686
1.2257501390480472	20661.546875	1.8548784255981445
1.2283744864904673	20587.955078125	1.8581990003585815
1.2309988339328874	20572.19921875	1.8583247661590576
1.2336231813753076	20611.08984375	1.8583911657333374
1.2362475288177277	20798.744140625	1.8762017488479614
1.2388718762601478	20811.357421875	1.8755704164505005
1.241496223702568	20650.806640625	1.8639432191848755
1.244120571144988	20923.744140625	1.8853533267974854
1.2467449185874082	20720.88671875	1.876977562904358
1.2493692660298283	20651.341796875	1.8730136156082153
1.2519936134722487	20761.3828125	1.8831977844238281
1.2546179609146688	20447.98828125	1.8744415044784546
1.257242308357089	20248.35546875	1.861120581626892
1.259866655799509	20656.693359375	1.8831439018249512
1.2624910032419292	20547.8515625	1.8836246728897095
1.2651153506843493	20499.646484375	1.8791961669921875
1.2677396981267695	20617.591796875	1.8858658075332642
1.2703640455691896	20603.060546875	1.8891594409942627
1.2729883930116097	20536.216796875	1.8878294229507446
1.2756127404540298	20570.439453125	1.8902629613876343
1.27823708789645	20700.51953125	1.9026455879211426
1.28086143533887	20596.541015625	1.8991619348526
1.2834857827812902	20716.837890625	1.9096928834915161
1.2861101302237103	20457.005859375	1.8945140838623047
1.2887344776661305	20748.5390625	1.9127466678619385
1.2913588251085506	20898.9375	1.9234424829483032
1.2939831725509707	21011.89453125	1.9298772811889648
1.296607519993391	20353.68359375	1.899011492729187
1.2992318674358112	20647.93359375	1.9183372259140015
1.3018562148782313	20443.72265625	1.9254188537597656
1.3044805623206515	20618.4296875	1.9667145013809204
1.3071049097630716	20581.478515625	1.9772135019302368
1.3097292572054917	20936.34765625	2.014618396759033
1.3123536046479118	20539.978515625	2.004727840423584
1.314977952090332	20580.009765625	2.0201187133789062
1.317602299532752	20604.869140625	2.0237388610839844
1.3202266469751722	20291.080078125	2.005711317062378
1.3228509944175924	20667.689453125	2.034318685531616
1.3254753418600125	20486.57421875	2.021111249923706
1.3280996893024326	20475.361328125	2.0219438076019287
1.3307240367448527	20468.359375	2.029043674468994
1.3333483841872729	20317.6484375	2.0200939178466797
1.335972731629693	20403.25	2.0232386589050293
1.3385970790721131	20621.474609375	2.0372021198272705
1.3412214265145335	20797.9921875	2.051361560821533
1.3438457739569536	20532.791015625	2.0372791290283203
1.3464701213993737	20592.958984375	2.0425233840942383
1.3490944688417938	20321.294921875	2.03102445602417
1.351718816284214	20355.69921875	1.9988632202148438
1.354343163726634	20808.19140625	1.9981492757797241
1.3569675111690542	20731.48828125	1.984797477722168
1.3595918586114744	20726.931640625	1.9721301794052124
1.3622162060538945	20525.677734375	1.9480854272842407
1.3648405534963146	20611.16796875	1.949242353439331
1.3674649009387347	20518.302734375	1.9433351755142212
1.3700892483811549	20823.390625	1.9611083269119263
1.372713595823575	20492.177734375	1.9418772459030151
1.3753379432659951	20764.275390625	1.958221673965454
1.3779622907084152	20404.505859375	1.935381531715393
1.3805866381508354	20426.443359375	1.940545678138733
1.3832109855932555	20629.375	1.9597498178482056
1.3858353330356759	20628.419921875	1.986350178718567
1.388459680478096	20450.48046875	1.998919129371643
1.391084027920516	20723.27734375	2.033233404159546
1.3937083753629362	20606.88671875	2.0740294456481934
1.3963327228053564	20823.916015625	2.130049228668213
1.3989570702477765	20676.470703125	2.1431961059570312
1.4015814176901966	20558.998046875	2.154301166534424
1.4042057651326167	20849.1015625	2.196990489959717
1.4068301125750369	20705.66015625	2.204279899597168
1.409454460017457	20692.927734375	2.2051565647125244
1.4120788074598771	20726.107421875	2.183943510055542
1.4147031549022973	20294.1875	2.1471898555755615
1.4173275023447174	20644.751953125	2.176302194595337
1.4199518497871375	20370.8046875	2.1204988956451416
1.4225761972295576	20207.408203125	2.0808894634246826
1.4252005446719778	20615.9140625	2.09171462059021
1.427824892114398	20665.14453125	2.0817019939422607
1.4304492395568182	20598.150390625	2.0709664821624756
1.4330735869992384	20443.900390625	2.056300163269043
1.4356979344416585	20506.95703125	2.058354616165161
1.4383222818840786	20330.578125	2.0405361652374268
1.4409466293264988	20643.53125	2.054549217224121
1.4435709767689189	20626.66796875	2.0506012439727783
1.446195324211339	20584.841796875	2.043503522872925
1.4488196716537591	20263.673828125	2.0183329582214355
1.4514440190961793	20321.013671875	2.019390344619751
1.4540683665385994	20717.6875	2.0402331352233887
1.4566927139810195	20657.28515625	2.031886339187622
1.4593170614234396	20357.228515625	2.0218818187713623
1.4619414088658598	20729.73828125	2.0478110313415527
1.46456575630828	20317.419921875	2.0121777057647705
1.4671901037507	20454.75390625	2.0191431045532227
1.4698144511931202	20530.130859375	2.0203232765197754
1.4724387986355403	20529.345703125	2.013582468032837
1.4750631460779606	20456.87109375	2.0090689659118652
1.4776874935203808	20486.52734375	2.006086826324463
1.4803118409628009	20492.16015625	2.0017917156219482
1.482936188405221	20470.140625	1.994845986366272
1.4855605358476411	20541.95703125	2.000114917755127
1.4881848832900613	20320.15625	1.9821141958236694
1.4908092307324814	20498.7109375	1.9864957332611084
1.4934335781749015	20339.95703125	1.9768675565719604
1.4960579256173216	20546.02734375	1.989311933517456
1.4986822730597418	20612.078125	1.9873402118682861
1.501306620502162	20446.755859375	1.9740314483642578
1.503930967944582	20473.416015625	1.9797544479370117
1.5065553153870022	20402.345703125	1.9698125123977661
1.5091796628294223	20396.9765625	1.9621009826660156
1.5118040102718424	20557.966796875	1.9657706022262573
1.5144283577142625	20576.021484375	1.964777946472168
1.5170527051566827	20573.52734375	1.9550034999847412
1.519677052599103	20381.5078125	1.9444901943206787
1.5223014000415231	20355.587890625	1.94443678855896
1.5249257474839433	20100.87890625	1.9210665225982666
1.5275500949263634	20165.90234375	1.9245154857635498
1.5301744423687835	20586.044921875	1.9469951391220093
1.5327987898112037	20367.2578125	1.9281400442123413
1.5354231372536238	20726.40234375	1.9502062797546387
1.538047484696044	20502.44140625	1.9408687353134155
1.540671832138464	20514.248046875	1.9409512281417847
1.5432961795808842	20096.63671875	1.9063189029693604
1.5459205270233043	20230.375	1.91399085521698
1.5485448744657244	20528.04296875	1.9363065958023071
1.5511692219081445	20241.125	1.9116688966751099
1.5537935693505647	20292.93359375	1.9108964204788208
1.5564179167929848	20284.734375	1.9128865003585815
1.559042264235405	20437.7265625	1.9149130582809448
1.561666611677825	20426.142578125	1.9065485000610352
1.5642909591202454	20450.345703125	1.9143562316894531
1.5669153065626655	20516.453125	1.9117318391799927
1.5695396540050857	20281.41796875	1.8925387859344482
1.5721640014475058	20130.39453125	1.8865774869918823
1.574788348889926	20238.841796875	1.8906824588775635
1.577412696332346	20274.400390625	1.8855345249176025
1.5800370437747662	20583.9921875	1.898974895477295
1.5826613912171863	20398.19140625	1.8897464275360107
1.5852857386596064	20480.419921875	1.8889107704162598
1.5879100861020266	20492.203125	1.8831491470336914
1.5905344335444467	20545.9296875	1.8889738321304321
1.5931587809868668	20472.13671875	1.8801703453063965
1.595783128429287	20388.677734375	1.8695290088653564
1.598407475871707	20574.048828125	1.88107168674469
1.6010318233141272	20412.052734375	1.8699486255645752
1.6036561707565473	20507.4609375	1.8691649436950684
1.6062805181989674	20445.1640625	1.8625681400299072
1.6089048656413878	20477.583984375	1.8669673204421997
1.611529213083808	20520.2265625	1.8644533157348633
1.614153560526228	20410.755859375	1.8526076078414917
1.6167779079686482	20511.837890625	1.8570083379745483
1.6194022554110683	20545.802734375	1.8559774160385132
1.6220266028534884	20533.494140625	1.8548731803894043
1.6246509502959086	20391.90234375	1.8460171222686768
1.6272752977383287	20709.75390625	1.860653281211853
1.6298996451807488	20386.85546875	1.8363113403320312
1.632523992623169	20533.5625	1.8449689149856567
1.635148340065589	20313.044921875	1.8361091613769531
1.6377726875080092	20362.11328125	1.8364300727844238
1.6403970349504293	20190.744140625	1.8205000162124634
1.6430213823928494	20140.14453125	1.820778727531433
1.6456457298352696	20487.974609375	1.8340978622436523
1.6482700772776897	20232.83203125	1.816421627998352
1.6508944247201098	20065.90625	1.8113045692443848
1.6535187721625302	20257.865234375	1.8158291578292847
1.6561431196049503	20371.740234375	1.8172502517700195
1.6587674670473704	20209.556640625	1.8071186542510986
1.6613918144897906	20505.4765625	1.819898247718811
1.6640161619322107	20242.802734375	1.8038257360458374
1.6666405093746308	20175.490234375	1.8000907897949219
1.669264856817051	20396.13671875	1.8110240697860718
1.671889204259471	20455.03125	1.8088479042053223
1.6745135517018912	20176.603515625	1.7916836738586426
1.6771378991443113	20217.720703125	1.7993496656417847
1.6797622465867315	20000.837890625	1.780094027519226
1.6823865940291516	20407.466796875	1.79194176197052
1.6850109414715717	20499.9609375	1.7996801137924194
1.6876352889139918	20191.818359375	1.7827956676483154
1.690259636356412	20219.119140625	1.778838872909546
1.692883983798832	20508.9140625	1.7929188013076782
1.6955083312412522	20387.87109375	1.7842448949813843
1.6981326786836726	20524.458984375	1.786267638206482
1.7007570261260927	20359.86328125	1.774800181388855
1.7033813735685128	20395.6328125	1.7774837017059326
1.706005721010933	20197.9921875	1.762604832649231
1.708630068453353	20047.13671875	1.7484787702560425
1.7112544158957732	20220.251953125	1.7549517154693604
1.7138787633381933	20156.5546875	1.7477725744247437
1.7165031107806135	20193.890625	1.743667483329773
1.7191274582230336	20077.712890625	1.7372527122497559
1.7217518056654537	20100.134765625	1.7361221313476562
1.7243761531078738	20562.96484375	1.7583389282226562
1.727000500550294	20371.13671875	1.7502281665802002
1.729624847992714	20384.416015625	1.7564637660980225
1.7322491954351342	20179.55078125	1.7464185953140259
1.7348735428775544	20091.494140625	1.7404966354370117
1.7374978903199745	19989.501953125	1.7364057302474976
1.7401222377623946	20083.76953125	1.73893404006958
1.742746585204815	20264.51171875	1.743599772453308
1.745370932647235	20175.572265625	1.7402807474136353
1.7479952800896552	20092.3984375	1.7375078201293945
1.7506196275320753	20341.412109375	1.7479735612869263
1.7532439749744955	20288.986328125	1.7443652153015137
1.7558683224169156	20282.693359375	1.7433665990829468
1.7584926698593357	20482.8828125	1.7510957717895508
1.7611170173017558	20401.583984375	1.7465758323669434
1.763741364744176	20209.26171875	1.738620400428772
1.766365712186596	20134.841796875	1.7333608865737915
1.7689900596290162	20279.251953125	1.7392724752426147
1.7716144070714364	19931.5078125	1.7217568159103394
1.7742387545138565	19930.46484375	1.7226070165634155
1.7768631019562766	20003.994140625	1.7221461534500122
1.7794874493986967	20258.841796875	1.7339327335357666
1.7821117968411169	20452.888671875	1.7466753721237183
1.784736144283537	20080.185546875	1.7229676246643066
1.7873604917259571	20212.17578125	1.727988362312317
1.7899848391683775	20028.408203125	1.7210354804992676
1.7926091866107976	20068.3203125	1.722634196281433
1.7952335340532177	20195.900390625	1.7334861755371094
1.7978578814956379	20264.78125	1.7618317604064941
1.800482228938058	20250.1328125	1.7714035511016846
1.803106576380478	20507.318359375	1.8061562776565552
1.8057309238228982	20168.650390625	1.8288519382476807
1.8083552712653184	20492.044921875	1.8785110712051392
1.8109796187077385	20172.650390625	1.8514866828918457
1.8136039661501586	20230.216796875	1.8475455045700073
1.8162283135925787	20193.552734375	1.8218172788619995
1.8188526610349989	20114.94921875	1.7959027290344238
1.821477008477419	20052.447265625	1.7795885801315308
1.8241013559198391	20210.166015625	1.78443443775177
1.8267257033622593	19989.185546875	1.7657043933868408
1.8293500508046794	20242.205078125	1.7738888263702393
1.8319743982470995	20074.4140625	1.767037272453308
1.8345987456895199	19987.693359375	1.761192798614502
1.83722309313194	19961.63671875	1.7481837272644043
1.8398474405743601	20125.294921875	1.7543903589248657
1.8424717880167802	20262.248046875	1.76530921459198
1.8450961354592004	19981.18359375	1.7464040517807007
1.8477204829016205	20257.578125	1.7591673135757446
1.8503448303440406	20189.765625	1.7555493116378784
1.8529691777864608	20375.216796875	1.7634937763214111
1.8555935252288809	20066.716796875	1.7413872480392456
1.858217872671301	20236.79296875	1.7526377439498901
1.8608422201137211	20241.837890625	1.7498664855957031
1.8634665675561413	20267.05078125	1.7464792728424072
1.8660909149985614	20230.9921875	1.7458372116088867
1.8687152624409815	19999.205078125	1.7378276586532593
1.8713396098834016	20050.392578125	1.7401691675186157
1.8739639573258218	19979.671875	1.7280887365341187
1.876588304768242	20273.556640625	1.7412550449371338
1.8792126522106622	20145.419921875	1.7366423606872559
1.8818369996530824	20019.1640625	1.7245323657989502
1.8844613470955025	20091.685546875	1.7286332845687866
1.8870856945379226	20008.349609375	1.7251776456832886
1.8897100419803428	20062.912109375	1.722920298576355
1.8923343894227629	20205.02734375	1.7298775911331177
1.894958736865183	19864.24609375	1.7081146240234375
1.8975830843076031	20080.142578125	1.7183430194854736
1.9002074317500233	20127.6484375	1.719091773033142
1.9028317791924434	20129.435546875	1.7193427085876465
1.9054561266348635	19955.111328125	1.7114403247833252
1.9080804740772837	20253.361328125	1.7265210151672363
1.9107048215197038	20123.91015625	1.7199785709381104
1.913329168962124	20089.076171875	1.7173336744308472
1.915953516404544	20259.748046875	1.722570538520813
1.9185778638469642	20167.37109375	1.7182409763336182
1.9212022112893843	20130.04296875	1.7196732759475708
1.9238265587318046	20012.6328125	1.7118674516677856
1.9264509061742248	20162.7734375	1.7167710065841675
1.929075253616645	20246.64453125	1.722610354423523
1.931699601059065	19957.306640625	1.7071781158447266
1.9343239485014851	19842.3828125	1.699035406112671
1.9369482959439053	20113.0390625	1.711655855178833
1.9395726433863254	20082.23828125	1.7084730863571167
1.9421969908287455	19921.40625	1.6968077421188354
1.9448213382711657	20159.09765625	1.7119866609573364
1.9474456857135858	19882.837890625	1.6991887092590332
1.950070033156006	20005.439453125	1.7024098634719849
1.952694380598426	19866.650390625	1.6921634674072266
1.9553187280408462	19926.978515625	1.6970734596252441
1.9579430754832663	20250.03125	1.7117559909820557
1.9605674229256864	20180.587890625	1.7057480812072754
1.9631917703681065	19941.97265625	1.695957064628601
1.9658161178105267	20063.38671875	1.7011643648147583
1.968440465252947	20189.3125	1.702106237411499
1.9710648126953672	20080.4921875	1.694469690322876
1.9736891601377873	19801.84765625	1.6801005601882935
1.9763135075802074	20127.65234375	1.6944515705108643
1.9789378550226275	20125.296875	1.6937280893325806
1.9815622024650477	19879.474609375	1.6823495626449585
1.9841865499074678	20050.32421875	1.6883689165115356
1.986810897349888	19943.654296875	1.6817718744277954
1.989435244792308	20058.361328125	1.6916022300720215
1.9920595922347282	20071.07421875	1.693176031112671
1.9946839396771483	20004.6484375	1.6860640048980713
1.9973082871195684	20184.134765625	1.6934086084365845
1.9999326345619886	20338.185546875	1.7060095071792603
2.0025569820044087	19658.11328125	1.6655471324920654
2.005181329446829	20072.9609375	1.6864973306655884
2.007805676889249	20229.962890625	1.6971265077590942
2.010430024331669	20136.658203125	1.6909195184707642
2.013054371774089	20028.28125	1.6818655729293823
2.0156787192165098	20236.267578125	1.6953985691070557
2.0183030666589294	19906.1015625	1.6755820512771606
2.02092741410135	19986.189453125	1.676314353942871
2.0235517615437697	20205.404296875	1.691541075706482
2.0261761089861903	20053.708984375	1.6869332790374756
2.02880045642861	19903.654296875	1.6766512393951416
2.0314248038710305	20218.0625	1.6886770725250244
2.03404915131345	19829.60546875	1.6690313816070557
2.036673498755871	20089.171875	1.6796706914901733
2.0392978461982905	20187.6953125	1.6806634664535522
2.041922193640711	20102.908203125	1.6819461584091187
2.0445465410831307	19831.66015625	1.668197512626648
2.0471708885255513	19950.96484375	1.6699409484863281
2.049795235967971	19758.486328125	1.6617687940597534
2.0524195834103915	19882.705078125	1.6673810482025146
2.0550439308528112	19900.578125	1.6590397357940674
2.057668278295232	19929.0078125	1.6564487218856812
2.060292625737652	19845.373046875	1.654157042503357
2.062916973180072	20105.330078125	1.6653753519058228
2.0655413206224917	20068.044921875	1.6638691425323486
2.0681656680649123	19886.87109375	1.6571325063705444
2.070790015507332	20112.19140625	1.6636916399002075
2.0734143629497526	19867.92578125	1.648111343383789
2.0760387103921722	20037.671875	1.661144495010376
2.078663057834593	20062.6640625	1.6615803241729736
2.0812874052770134	20046.37109375	1.6580177545547485
2.083911752719433	20056.1796875	1.6574894189834595
2.0865361001618536	20032.1171875	1.6585737466812134
2.0891604476042733	20256.4453125	1.667641043663025
2.091784795046694	19942.39453125	1.6494591236114502
2.0944091424891136	20061.421875	1.662358283996582
2.097033489931534	19797.46484375	1.6481815576553345
2.099657837373954	19780.109375	1.6430473327636719
2.1022821848163744	19944.8125	1.6518923044204712
2.104906532258794	19888.734375	1.6503684520721436
2.1075308797012147	19843.78515625	1.6415643692016602
2.1101552271436343	20062.060546875	1.6509883403778076
2.112779574586055	20164.90234375	1.6577482223510742
2.1154039220284746	19939.048828125	1.6440179347991943
2.118028269470895	19989.400390625	1.646849513053894
2.120652616913315	20043.263671875	1.6515101194381714
2.1232769643557354	19954.107421875	1.643786907196045
2.125901311798155	19930.873046875	1.6387989521026611
2.1285256592405757	19683.97265625	1.6303296089172363
2.1311500066829954	19791.75	1.6347624063491821
2.133774354125416	20183.193359375	1.6527636051177979
2.1363987015678356	20083.59375	1.6482858657836914
2.139023049010256	20156.328125	1.652211308479309
2.141647396452676	19853.828125	1.6352652311325073
2.1442717438950964	19980.037109375	1.6406821012496948
2.146896091337516	20002.080078125	1.643484354019165
2.1495204387799367	19765.224609375	1.6298459768295288
2.1521447862223564	19678.123046875	1.6250395774841309
2.154769133664777	19844.7265625	1.6333714723587036
2.1573934811071966	19925.693359375	1.6349620819091797
2.160017828549617	19745.7734375	1.6264973878860474
2.162642175992037	19754.931640625	1.6260223388671875
2.1652665234344575	19720.994140625	1.621885061264038
2.167890870876877	19788.689453125	1.6240845918655396
2.1705152183192977	19964.234375	1.635763168334961
2.1731395657617183	19891.748046875	1.6333742141723633
2.175763913204138	19819.36328125	1.6249901056289673
2.1783882606465585	19861.740234375	1.625606656074524
2.1810126080889782	19767.65234375	1.6233404874801636
2.183636955531399	19779.818359375	1.6218866109848022
2.1862613029738185	19772.08203125	1.6185935735702515
2.188885650416239	19867.224609375	1.623530626296997
2.1915099978586587	19888.955078125	1.6255015134811401
2.1941343453010793	19846.216796875	1.6238206624984741
2.196758692743499	19907.1328125	1.6411195993423462
2.1993830401859196	19909.853515625	1.6774097681045532
2.2020073876283393	19789.060546875	1.710344672203064
2.20463173507076	19792.841796875	1.7378398180007935
2.2072560825131795	19717.607421875	1.7505083084106445
2.2098804299556	19771.869140625	1.7669432163238525
2.2125047773980198	20168.115234375	1.772972583770752
2.2151291248404403	19913.748046875	1.723831057548523
2.21775347228286	20002.64453125	1.70903742313385
2.2203778197252806	19765.625	1.6856454610824585
2.2230021671677003	19585.50390625	1.6702494621276855
2.225626514610121	19906.455078125	1.6857634782791138
2.2282508620525405	19968.208984375	1.6810044050216675
2.230875209494961	19819.28515625	1.6660066843032837
2.233499556937381	19928.85546875	1.6735270023345947
2.2361239043798014	19721.41796875	1.6582577228546143
2.238748251822221	19729.462890625	1.6546932458877563
2.2413725992646416	19793.71875	1.657562494277954
2.2439969467070613	19766.82421875	1.6520471572875977
2.246621294149482	20078.462890625	1.6643058061599731
2.2492456415919015	20088.24609375	1.6628862619400024
2.251869989034322	19779.294921875	1.6505374908447266
2.254494336476742	19757.763671875	1.645992636680603
2.2571186839191624	19944.869140625	1.6502091884613037
2.259743031361583	19917.30078125	1.648777723312378
2.2623673788040026	20097.578125	1.6550580263137817
2.264991726246423	20007.970703125	1.6458501815795898
2.267616073688843	19973.595703125	1.6452367305755615
2.2702404211312635	19827.705078125	1.6394790410995483
2.272864768573683	19842.931640625	1.6362669467926025
2.2754891160161037	19560.5546875	1.6164538860321045
2.2781134634585234	19862.951171875	1.6287695169448853
2.280737810900944	20012.61328125	1.6304298639297485
2.2833621583433636	19820.6484375	1.6181845664978027
2.285986505785784	19955.10546875	1.6276841163635254
2.288610853228204	19855.52734375	1.6226829290390015
2.2912352006706245	19892.3515625	1.6264220476150513
2.293859548113044	19662.56640625	1.6169687509536743
2.2964838955554647	19599.935546875	1.6167739629745483
2.2991082429978844	19751.2578125	1.624804139137268
2.301732590440305	19816.0	1.6285560131072998
2.3043569378827247	20023.57421875	1.63847017288208
2.3069812853251452	20103.47265625	1.636758804321289
2.309605632767565	19873.982421875	1.6242352724075317
2.3122299802099855	19897.85546875	1.6278691291809082
2.314854327652405	19671.640625	1.6154119968414307
2.3174786750948257	19862.44921875	1.6222443580627441
2.3201030225372454	19759.1953125	1.6157348155975342
2.322727369979666	19936.076171875	1.6258182525634766
2.3253517174220857	19985.154296875	1.6257871389389038
2.3279760648645063	19954.931640625	1.6217912435531616
2.330600412306926	19989.16015625	1.6260002851486206
2.3332247597493465	19919.513671875	1.6201626062393188
2.335849107191766	19697.3984375	1.6063528060913086
2.3384734546341868	19822.552734375	1.6163640022277832
2.3410978020766064	19737.021484375	1.6098661422729492
2.343722149519027	19844.861328125	1.6105608940124512
2.3463464969614467	19889.98046875	1.6130098104476929
2.3489708444038673	19764.625	1.6087777614593506
2.351595191846288	20034.224609375	1.6179136037826538
2.3542195392887075	19873.609375	1.6073439121246338
2.356843886731128	20015.6640625	1.6191282272338867
2.359468234173548	19710.236328125	1.5993497371673584
2.3620925816159684	19780.08984375	1.6028552055358887
2.364716929058388	19783.431640625	1.605054259300232
2.3673412765008086	19500.53125	1.5878909826278687
2.3699656239432283	19761.408203125	1.60149085521698
2.372589971385649	19702.80859375	1.6000217199325562
2.3752143188280685	19707.20703125	1.5993332862854004
2.377838666270489	20019.798828125	1.6107192039489746
2.380463013712909	19958.3125	1.6078476905822754
2.3830873611553294	19743.73828125	1.5989683866500854
2.385711708597749	19933.470703125	1.6043469905853271
2.3883360560401696	20016.615234375	1.6073664426803589
2.3909604034825893	19988.3125	1.61005437374115
2.39358475092501	19562.10546875	1.5848063230514526
2.3962090983674296	19918.826171875	1.5967947244644165
2.39883344580985	20005.822265625	1.599733829498291
2.40145779325227	19864.501953125	1.5967961549758911
2.4040821406946904	19971.306640625	1.6018115282058716
2.40670648813711	19749.41796875	1.5864278078079224
2.4093308355795306	19811.390625	1.5904242992401123
2.4119551830219503	19707.552734375	1.5791383981704712
2.414579530464371	19670.79296875	1.57350492477417
2.4172038779067906	19846.498046875	1.579689621925354
2.419828225349211	20165.12890625	1.5922577381134033
2.422452572791631	19809.033203125	1.5732239484786987
2.4250769202340514	19972.90234375	1.5826044082641602
2.427701267676471	19895.1328125	1.5823566913604736
2.4303256151188917	19621.791015625	1.5701954364776611
2.4329499625613114	19812.58984375	1.577967882156372
2.435574310003732	19683.484375	1.5726993083953857
2.4381986574461525	19879.37109375	1.5808947086334229
2.440823004888572	19582.07421875	1.5643597841262817
2.4434473523309928	19812.71484375	1.5748481750488281
2.4460716997734124	19669.91015625	1.5661365985870361
2.448696047215833	19775.322265625	1.5689181089401245
2.4513203946582527	19968.18359375	1.577812910079956
2.4539447421006733	19831.947265625	1.5747123956680298
2.456569089543093	19842.51953125	1.5728034973144531
2.4591934369855135	19998.365234375	1.5763331651687622
2.461817784427933	19925.162109375	1.5773862600326538
2.4644421318703538	19969.259765625	1.5809038877487183
2.4670664793127735	19724.001953125	1.5632363557815552
2.469690826755194	19829.814453125	1.5707908868789673
2.4723151741976137	19797.55859375	1.5692943334579468
2.4749395216400343	19864.37109375	1.567144751548767
2.477563869082454	19808.220703125	1.56525719165802
2.4801882165248745	19861.927734375	1.5700632333755493
2.482812563967294	19844.583984375	1.5667212009429932
2.485436911409715	19571.919921875	1.55155348777771
2.4880612588521345	19877.66015625	1.5709459781646729
2.490685606294555	19849.90234375	1.5676361322402954
2.4933099537369747	19716.896484375	1.5580761432647705
2.4959343011793953	19748.599609375	1.5616950988769531
2.498558648621815	19506.400390625	1.5499674081802368
2.5011829960642356	19682.03515625	1.5540070533752441
2.5038073435066552	19764.33203125	1.5574871301651
2.506431690949076	19993.998046875	1.5693289041519165
2.5090560383914955	19630.923828125	1.548406720161438
2.511680385833916	19931.140625	1.564064621925354
2.5143047332763357	19916.490234375	1.5652008056640625
2.5169290807187563	19885.982421875	1.5619372129440308
2.519553428161176	19763.380859375	1.5533429384231567
2.5221777756035966	19754.984375	1.5552871227264404
2.5248021230460163	19831.0625	1.5589582920074463
2.527426470488437	19849.37109375	1.5556409358978271
2.5300508179308574	19619.86328125	1.5461455583572388
2.532675165373277	19682.263671875	1.551039218902588
2.5352995128156977	19846.986328125	1.5553487539291382
2.5379238602581173	19901.505859375	1.5573521852493286
2.540548207700538	19667.71875	1.5473939180374146
2.5431725551429576	19694.326171875	1.5467337369918823
2.545796902585378	19624.33203125	1.5382938385009766
2.548421250027798	19814.517578125	1.5488747358322144
2.5510455974702184	19854.125	1.5505589246749878
2.553669944912638	19805.03125	1.5469151735305786
2.5562942923550587	19614.837890625	1.5410606861114502
2.5589186397974784	19624.90234375	1.5434001684188843
2.561542987239899	19639.505859375	1.539707064628601
2.5641673346823186	19644.619140625	1.5372917652130127
2.566791682124739	20078.54296875	1.5607800483703613
2.569416029567159	19788.126953125	1.5438790321350098
2.5720403770095794	19805.021484375	1.5429607629776
2.574664724451999	19838.89453125	1.5480705499649048
2.5772890718944197	19664.78515625	1.540160894393921
2.5799134193368394	19820.169921875	1.5453325510025024
2.58253776677926	19739.287109375	1.541405200958252
2.5851621142216796	19613.423828125	1.53724205493927
2.5877864616641	19649.4609375	1.5367536544799805
2.59041080910652	19745.515625	1.5382022857666016
2.5930351565489405	19821.564453125	1.5435603857040405
2.59565950399136	19671.486328125	1.5377492904663086
2.5982838514337807	19900.84375	1.5829192399978638
2.6009081988762004	19633.9765625	1.6071569919586182
2.603532546318621	19791.89453125	1.632949709892273
2.6061568937610406	19769.083984375	1.6314668655395508
2.608781241203461	19619.89453125	1.6144660711288452
2.611405588645881	19875.955078125	1.6080323457717896
2.6140299360883015	19546.9375	1.5784385204315186
2.616654283530722	19590.310546875	1.5737701654434204
2.6192786309731417	19320.095703125	1.5609571933746338
2.6219029784155623	19617.205078125	1.5756179094314575
2.624527325857982	19687.328125	1.5718069076538086
2.6271516733004026	19527.416015625	1.5575631856918335
2.6297760207428222	19736.73046875	1.568880319595337
2.632400368185243	19820.0	1.5684775114059448
2.6350247156276625	19837.41796875	1.5653797388076782
2.637649063070083	19826.662109375	1.5654537677764893
2.6402734105125027	19683.044921875	1.5559858083724976
2.6428977579549233	19755.783203125	1.5559444427490234
2.645522105397343	19921.763671875	1.5654568672180176
2.6481464528397636	19729.1953125	1.553199052810669
2.6507708002821833	19607.0234375	1.5427114963531494
2.653395147724604	19648.203125	1.5458036661148071
2.6560194951670235	19805.6171875	1.5542072057724
2.658643842609444	19592.146484375	1.5426025390625
2.6612681900518638	19680.912109375	1.5426512956619263
2.6638925374942843	19569.787109375	1.5361626148223877
2.666516884936704	19568.423828125	1.5356196165084839
2.6691412323791246	19565.765625	1.5311050415039062
2.6717655798215443	19750.775390625	1.5423521995544434
2.674389927263965	19802.763671875	1.5450092554092407
2.6770142747063845	19772.208984375	1.5423272848129272
2.679638622148805	19699.318359375	1.5395323038101196
2.682262969591225	19522.595703125	1.5354499816894531
2.6848873170336454	19306.45703125	1.5243407487869263
2.687511664476065	19393.357421875	1.5247389078140259
2.6901360119184856	19634.99609375	1.5357671976089478
2.6927603593609053	19655.71875	1.5351853370666504
2.695384706803326	19697.3203125	1.5356574058532715
2.6980090542457456	19691.18359375	1.5373170375823975
2.700633401688166	19574.4453125	1.5298348665237427
2.703257749130586	19707.615234375	1.5339888334274292
2.7058820965730064	19780.359375	1.5360952615737915
2.708506444015427	19773.7421875	1.5376014709472656
2.7111307914578466	19687.107421875	1.5319256782531738
2.713755138900267	19757.6328125	1.5343235731124878
2.716379486342687	19613.9296875	1.5315332412719727
2.7190038337851075	20036.90625	1.5508143901824951
2.721628181227527	19829.4140625	1.5372035503387451
2.7242525286699477	19674.78515625	1.5315972566604614
2.7268768761123674	19826.525390625	1.5372672080993652
2.729501223554788	19704.595703125	1.5289373397827148
2.7321255709972077	19710.724609375	1.5290299654006958
2.7347499184396282	19840.72265625	1.5359262228012085
2.737374265882048	19931.87109375	1.5368027687072754
2.7399986133244685	19736.68359375	1.5246741771697998
2.742622960766888	19927.84765625	1.5359338521957397
2.7452473082093087	19743.134765625	1.5270898342132568
2.7478716556517284	19760.177734375	1.523851990699768
2.750496003094149	19666.115234375	1.519072413444519
2.7531203505365687	19617.947265625	1.5193841457366943
2.7557446979789892	19642.65625	1.5192312002182007
2.758369045421409	19720.552734375	1.5200026035308838
2.7609933928638295	19860.15625	1.527912974357605
2.763617740306249	19760.59375	1.5184346437454224
2.7662420877486698	19910.294921875	1.5217362642288208
2.7688664351910894	19948.013671875	1.5280758142471313
2.77149078263351	19777.3125	1.5202561616897583
2.7741151300759297	19591.208984375	1.5095820426940918
2.7767394775183503	19719.349609375	1.5146384239196777
2.77936382496077	19743.4296875	1.5113131999969482
2.7819881724031905	19658.998046875	1.5037177801132202
2.78461251984561	19788.001953125	1.5075817108154297
2.7872368672880308	19685.458984375	1.5029674768447876
2.7898612147304505	19906.673828125	1.5135022401809692
2.792485562172871	19819.2890625	1.506050705909729
2.7951099096152907	19783.369140625	1.5059388875961304
2.7977342570577113	19784.142578125	1.505733609199524
2.800358604500132	19946.5234375	1.5105952024459839
2.8029829519425515	19837.23046875	1.5041873455047607
2.805607299384972	19819.455078125	1.5038530826568604
2.808231646827392	19668.208984375	1.4974870681762695
2.8108559942698124	19766.384765625	1.5018421411514282
2.813480341712232	19626.50390625	1.4953190088272095
2.8161046891546526	19633.341796875	1.4943877458572388
2.8187290365970723	19718.125	1.4970324039459229
2.821353384039493	19669.095703125	1.4972193241119385
2.8239777314819126	19843.41796875	1.506497859954834
2.826602078924333	19707.373046875	1.4973626136779785
2.829226426366753	19678.37890625	1.4947282075881958
2.8318507738091734	19610.201171875	1.4928392171859741
2.834475121251593	19697.17578125	1.4940340518951416
2.8370994686940136	19741.966796875	1.4933520555496216
2.8397238161364333	19652.61328125	1.4907270669937134
2.842348163578854	19812.1484375	1.4971381425857544
2.8449725110212736	19738.958984375	1.488025188446045
2.847596858463694	19808.3828125	1.491235375404358
2.850221205906114	19816.71875	1.497153878211975
2.8528455533485344	19754.80859375	1.494795322418213
2.855469900790954	19558.287109375	1.483123779296875
2.8580942482333747	19726.0	1.4933617115020752
2.8607185956757943	19672.376953125	1.491990089416504
2.863342943118215	19559.36328125	1.4828120470046997
2.8659672905606346	19789.494140625	1.4942494630813599
2.868591638003055	19680.4453125	1.4875949621200562
2.871215985445475	19700.138671875	1.4862637519836426
2.8738403328878954	19805.92578125	1.4919922351837158
2.876464680330315	19824.650390625	1.4927952289581299
2.8790890277727357	19730.17578125	1.4869824647903442
2.8817133752151554	19673.607421875	1.4830272197723389
2.884337722657576	19764.705078125	1.487750768661499
2.8869620700999965	19753.919921875	1.4871219396591187
2.889586417542416	19618.8671875	1.4793118238449097
2.8922107649848368	19577.478515625	1.4784619808197021
2.8948351124272564	19608.216796875	1.4805713891983032
2.897459459869677	19613.57421875	1.47633695602417
2.9000838073120967	19560.58984375	1.4730912446975708
2.9027081547545173	19734.3828125	1.4842801094055176
2.905332502196937	19699.015625	1.4816322326660156
2.9079568496393575	19691.3125	1.4800660610198975
2.910581197081777	19744.919921875	1.4845210313796997
2.9132055445241978	19755.4609375	1.4833391904830933
2.9158298919666175	19583.33203125	1.4737663269042969
2.918454239409038	19584.673828125	1.4738858938217163
2.9210785868514577	19513.58203125	1.4693659543991089
2.9237029342938783	19734.0546875	1.4782865047454834
2.926327281736298	19603.76953125	1.4700771570205688
2.9289516291787185	19397.453125	1.4631081819534302
2.9315759766211382	19871.091796875	1.4836153984069824
2.934200324063559	19719.626953125	1.4752776622772217
2.9368246715059785	19551.3046875	1.4694350957870483
2.939449018948399	19752.009765625	1.4753881692886353
2.9420733663908187	19744.986328125	1.4717514514923096
2.9446977138332393	19844.822265625	1.476442813873291
2.947322061275659	19697.72265625	1.4714597463607788
2.9499464087180796	19844.0625	1.4769068956375122
2.9525707561604992	19483.869140625	1.4597889184951782
2.95519510360292	19583.521484375	1.4676308631896973
2.9578194510453395	19839.900390625	1.4760596752166748
2.96044379848776	19397.3359375	1.4539735317230225
2.9630681459301798	19563.67578125	1.4623280763626099
2.9656924933726003	19832.490234375	1.4751348495483398
2.96831684081502	19716.689453125	1.4689981937408447
2.9709411882574406	19590.51953125	1.4647797346115112
2.9735655356998603	19939.646484375	1.4846820831298828
2.976189883142281	19640.36328125	1.4670147895812988
2.9788142305847014	19602.861328125	1.4636939764022827
2.981438578027121	19755.251953125	1.4721777439117432
2.9840629254695417	19590.033203125	1.463451862335205
2.9866872729119613	19516.92578125	1.4581573009490967
2.989311620354382	19634.634765625	1.4658424854278564
2.9919359677968016	19705.361328125	1.4895963668823242
2.994560315239222	19813.091796875	1.5148786306381226
2.997184662681642	19722.310546875	1.5369609594345093
2.9998090101240624	19524.93359375	1.5536137819290161
3.002433357566482	19665.275390625	1.5722174644470215
3.0050577050089027	19731.31640625	1.562936544418335
3.0076820524513224	19635.55859375	1.5590347051620483
3.010306399893743	19687.740234375	1.5435012578964233
3.0129307473361626	19653.78515625	1.5271685123443604
3.015555094778583	19688.556640625	1.5212724208831787
3.018179442221003	19668.26953125	1.515832543373108
3.0208037896634234	19622.013671875	1.5092352628707886
3.023428137105843	19608.130859375	1.5034922361373901
3.0260524845482637	19722.59765625	1.5088335275650024
3.0286768319906834	19558.859375	1.4997973442077637
3.031301179433104	19609.22265625	1.497016191482544
3.0339255268755236	19766.44140625	1.503616213798523
3.036549874317944	19674.494140625	1.4977610111236572
3.039174221760364	19569.115234375	1.4890990257263184
3.0417985692027845	19677.53515625	1.4917078018188477
3.044422916645204	19498.935546875	1.4852123260498047
3.0470472640876247	19447.4375	1.4799680709838867
3.0496716115300444	19735.875	1.4884369373321533
3.052295958972465	19843.703125	1.4886491298675537
3.0549203064148847	19926.158203125	1.4890992641448975
3.0575446538573052	19842.310546875	1.482135534286499
3.060169001299725	19795.779296875	1.4805033206939697
3.0627933487421455	19733.88671875	1.4809534549713135
3.065417696184566	19735.35546875	1.4804279804229736
3.0680420436269857	19675.5390625	1.4772348403930664
3.0706663910694063	19757.98828125	1.4841206073760986
3.073290738511826	19616.775390625	1.478385329246521
3.0759150859542466	19696.3515625	1.4779301881790161
3.0785394333966662	19725.23828125	1.4784951210021973
3.081163780839087	19576.212890625	1.4735798835754395
3.0837881282815065	19599.57421875	1.4721226692199707
3.086412475723927	19559.98828125	1.465946912765503
3.0890368231663468	19755.58984375	1.4765766859054565
3.0916611706087673	19720.296875	1.4750689268112183
3.094285518051187	19683.78125	1.4698543548583984
3.0969098654936076	19563.208984375	1.4660142660140991
3.0995342129360273	19577.77734375	1.4710577726364136
3.102158560378448	19562.759765625	1.465050458908081
3.1047829078208675	19573.669921875	1.462744951248169
3.107407255263288	19515.646484375	1.4620869159698486
3.1100316027057078	19527.505859375	1.4595932960510254
3.1126559501481283	19573.85546875	1.4588453769683838
3.115280297590548	19569.140625	1.4607698917388916
3.1179046450329686	19574.25390625	1.4617863893508911
3.1205289924753883	19485.783203125	1.4533036947250366
3.123153339917809	19547.67578125	1.4558264017105103
3.1257776873602285	19660.1796875	1.4633369445800781
3.128402034802649	19579.248046875	1.4581660032272339
3.131026382245069	19613.1796875	1.4592925310134888
3.1336507296874894	19436.107421875	1.453572392463684
3.136275077129909	19489.369140625	1.4512957334518433
3.1388994245723296	19613.169921875	1.4546290636062622
3.1415237720147493	19559.298828125	1.4540475606918335
3.14414811945717	19550.25390625	1.4545011520385742
3.1467724668995896	19405.859375	1.4443168640136719
3.14939681434201	19423.615234375	1.4440436363220215
3.15202116178443	19564.91015625	1.4500889778137207
3.1546455092268504	19441.1328125	1.437654733657837
3.157269856669271	19630.361328125	1.442143440246582
3.1598942041116906	19388.388671875	1.4342429637908936
3.162518551554111	19499.53125	1.4356085062026978
3.165142898996531	19455.998046875	1.4299710988998413
3.1677672464389515	19412.673828125	1.4320651292800903
3.170391593881371	19540.30859375	1.4410289525985718
3.1730159413237917	19489.0234375	1.4331289529800415
3.1756402887662114	19784.5	1.444601058959961
3.178264636208632	19430.626953125	1.43308687210083
3.1808889836510517	19315.44921875	1.427103042602539
3.1835133310934722	19578.5	1.4347747564315796
3.186137678535892	19364.095703125	1.4273465871810913
3.1887620259783125	19404.185546875	1.430099368095398
3.191386373420732	19510.376953125	1.4315943717956543
3.1940107208631527	19393.751953125	1.4259107112884521
3.1966350683055724	19595.255859375	1.4348126649856567
3.199259415747993	19606.59375	1.4340856075286865
3.2018837631904127	19462.263671875	1.4278666973114014
3.2045081106328333	19587.9375	1.43537175655365
3.207132458075253	19614.826171875	1.4345687627792358
3.2097568055176735	19571.306640625	1.4290990829467773
3.212381152960093	19725.9375	1.4368360042572021
3.2150055004025138	19633.72265625	1.4319473505020142
3.2176298478449334	19570.595703125	1.4285835027694702
3.220254195287354	19460.1484375	1.422282338142395
3.2228785427297737	19661.294921875	1.4333255290985107
3.2255028901721943	19478.470703125	1.4248242378234863
3.228127237614614	19364.369140625	1.4172676801681519
3.2307515850570345	19379.57421875	1.4208210706710815
3.233375932499454	19631.91015625	1.4328216314315796
3.236000279941875	19406.849609375	1.4194409847259521
3.2386246273842945	19399.078125	1.4189804792404175
3.241248974826715	19396.89453125	1.4188835620880127
3.2438733222691356	19720.263671875	1.4316530227661133
3.2464976697115553	19613.60546875	1.4248851537704468
3.249122017153976	19308.318359375	1.4139461517333984
3.2517463645963955	19381.810546875	1.4183759689331055
3.254370712038816	19176.99609375	1.404456615447998
3.256995059481236	19502.134765625	1.4204210042953491
3.2596194069236564	19292.103515625	1.4116201400756836
3.262243754366076	19530.845703125	1.4188547134399414
3.2648681018084966	19512.38671875	1.41768217086792
3.2674924492509163	19425.0390625	1.4178218841552734
3.270116796693337	19395.48828125	1.4138075113296509
3.2727411441357566	19406.849609375	1.4130877256393433
3.275365491578177	19323.8203125	1.4104050397872925
3.277989839020597	19471.92578125	1.4164583683013916
3.2806141864630174	19495.46484375	1.4138751029968262
3.283238533905437	19529.876953125	1.4162492752075195
3.2858628813478576	19299.41015625	1.4089748859405518
3.2884872287902773	19416.619140625	1.4119611978530884
3.291111576232698	19645.853515625	1.4195743799209595
3.2937359236751176	19645.724609375	1.4202218055725098
3.296360271117538	19570.369140625	1.416102409362793
3.298984618559958	19334.1875	1.404291033744812
3.3016089660023784	19460.318359375	1.4101043939590454
3.304233313444798	19616.009765625	1.4137431383132935
3.3068576608872187	19600.099609375	1.4106791019439697
3.3094820083296383	19478.03515625	1.4054884910583496
3.312106355772059	19523.87890625	1.4084901809692383
3.3147307032144786	19672.455078125	1.4136381149291992
3.317355050656899	19518.369140625	1.406249761581421
3.319979398099319	19484.595703125	1.4064748287200928
3.3226037455417394	19496.615234375	1.4102030992507935
3.325228092984159	19435.314453125	1.4070122241973877
3.3278524404265797	19527.029296875	1.4101207256317139
3.3304767878689994	19574.6953125	1.4140642881393433
3.33310113531142	19572.923828125	1.4155447483062744
3.3357254827538405	19215.359375	1.398457407951355
3.33834983019626	19479.892578125	1.4116809368133545
3.3409741776386808	19467.14453125	1.411697268486023
3.3435985250811004	19609.228515625	1.4166518449783325
3.346222872523521	19491.1015625	1.411671757698059
3.3488472199659407	19513.330078125	1.4132920503616333
3.3514715674083613	19615.47265625	1.4142998456954956
3.354095914850781	19631.251953125	1.4169939756393433
3.3567202622932015	19737.333984375	1.4265222549438477
3.359344609735621	19617.556640625	1.422021746635437
3.361968957178042	19518.66015625	1.4193798303604126
3.3645933046204615	19580.443359375	1.4254196882247925
3.367217652062882	19512.615234375	1.424195647239685
3.3698419995053017	19427.384765625	1.4221036434173584
3.3724663469477223	19331.91796875	1.4175523519515991
3.375090694390142	19588.751953125	1.4322450160980225
3.3777150418325625	19483.19140625	1.4278639554977417
3.3803393892749822	19518.05859375	1.4292796850204468
3.382963736717403	19434.90625	1.4318406581878662
3.3855880841598225	19611.9609375	1.4406678676605225
3.388212431602243	19420.697265625	1.4463648796081543
3.3908367790446627	19519.837890625	1.4733649492263794
3.3934611264870833	19501.69921875	1.4925395250320435
3.396085473929503	19605.36328125	1.528765082359314
3.3987098213719236	19503.771484375	1.5416629314422607
3.4013341688143433	19584.640625	1.5399243831634521
3.403958516256764	19700.263671875	1.5457171201705933
3.4065828636991835	19592.615234375	1.5450527667999268
3.409207211141604	22969.080078125	1.7182261943817139
3.4118315585840238	19330.802734375	1.5210109949111938
3.4144559060264443	19558.3359375	1.5173949003219604
3.417080253468864	19551.140625	1.5081332921981812
3.4197046009112846	19698.6640625	1.514464259147644
3.422328948353705	19633.71875	1.5058587789535522
3.424953295796125	19505.1171875	1.4935921430587769
3.4275776432385454	19522.953125	1.4966384172439575
3.430201990680965	19451.685546875	1.4907426834106445
3.4328263381233857	19562.564453125	1.487026333808899
3.4354506855658054	19883.541015625	1.5021909475326538
3.438075033008226	19415.091796875	1.480967402458191
3.4406993804506456	19483.92578125	1.481732964515686
3.443323727893066	19650.27734375	1.4847396612167358
3.445948075335486	19463.021484375	1.4735195636749268
3.4485724227779064	19457.564453125	1.4706592559814453
3.451196770220326	19478.146484375	1.4690301418304443
3.4538211176627467	19349.314453125	1.4605491161346436
3.4564454651051664	19728.396484375	1.478377103805542
3.459069812547587	19522.42578125	1.469419240951538
3.4616941599900066	19430.9375	1.4649202823638916
3.464318507432427	19667.087890625	1.4764375686645508
3.466942854874847	19680.3515625	1.4726699590682983
3.4695672023172675	19705.833984375	1.4695639610290527
3.472191549759687	19615.1875	1.465194582939148
3.4748158972021077	19609.232421875	1.4647343158721924
3.4774402446445274	19404.7265625	1.4546855688095093
3.480064592086948	19467.658203125	1.4561026096343994
3.4826889395293676	19526.7734375	1.4557769298553467
3.485313286971788	19733.412109375	1.4636945724487305
3.487937634414208	19470.388671875	1.4503729343414307
3.4905619818566285	19482.80078125	1.454661250114441
3.493186329299048	19439.271484375	1.4521254301071167
3.4958106767414687	19681.48828125	1.4566693305969238
3.4984350241838884	19798.373046875	1.461348056793213
3.501059371626309	19572.98828125	1.4539490938186646
3.5036837190687287	19575.376953125	1.452903389930725
3.5063080665111492	19666.4765625	1.4524829387664795
3.508932413953569	19478.708984375	1.4441207647323608
3.5115567613959895	19348.541015625	1.4392913579940796
3.51418110883841	19673.6875	1.4549365043640137
3.5168054562808297	19383.158203125	1.4412888288497925
3.5194298037232503	19609.927734375	1.4511128664016724
3.52205415116567	19465.826171875	1.441172480583191
3.5246784986080906	19543.623046875	1.4459960460662842
3.5273028460505103	19416.1640625	1.4409061670303345
3.529927193492931	19491.1953125	1.439858078956604
3.5325515409353505	19452.16796875	1.43173086643219
3.535175888377771	19847.935546875	1.4498389959335327
3.5378002358201908	19386.748046875	1.4259954690933228
3.5404245832626113	19464.806640625	1.4259440898895264
3.543048930705031	19599.298828125	1.4321279525756836
3.5456732781474516	19666.9453125	1.4363367557525635
3.5482976255898713	19396.810546875	1.4215832948684692
3.550921973032292	19428.7734375	1.420535683631897
3.5535463204747115	19568.693359375	1.4286353588104248
3.556170667917132	19472.12109375	1.4241985082626343
3.558795015359552	19512.546875	1.4239282608032227
3.5614193628019724	19498.74609375	1.4252049922943115
3.564043710244392	19565.6796875	1.4295886754989624
3.5666680576868126	19462.578125	1.4190850257873535
3.5692924051292323	19667.611328125	1.42854905128479
3.571916752571653	19641.607421875	1.4309849739074707
3.5745411000140725	19538.970703125	1.4250320196151733
3.577165447456493	19711.701171875	1.4287121295928955
3.579789794898913	19656.556640625	1.4267282485961914
3.5824141423413334	19684.533203125	1.4300357103347778
3.585038489783753	19489.11328125	1.418763518333435
3.5876628372261736	19505.98046875	1.4182583093643188
3.5902871846685933	19570.943359375	1.4221285581588745
3.592911532111014	19598.337890625	1.4211496114730835
3.5955358795534336	19545.58984375	1.4193083047866821
3.598160226995854	19390.794921875	1.4142894744873047
3.600784574438274	19455.224609375	1.413947582244873
3.6034089218806944	19612.46484375	1.4177491664886475
3.606033269323115	19466.810546875	1.4113504886627197
3.6086576167655346	19529.421875	1.4188603162765503
3.611281964207955	19401.00390625	1.4104304313659668
3.613906311650375	19375.037109375	1.4078024625778198
3.6165306590927955	19527.529296875	1.4167364835739136
3.619155006535215	19556.416015625	1.4176149368286133
3.6217793539776357	19549.056640625	1.4152462482452393
3.6244037014200554	19449.447265625	1.4098126888275146
3.627028048862476	19612.1640625	1.4187818765640259
3.6296523963048957	19516.623046875	1.4145963191986084
3.6322767437473162	19333.29296875	1.4031846523284912
3.634901091189736	19737.111328125	1.4211333990097046
3.6375254386321565	19740.146484375	1.418725848197937
3.640149786074576	19689.98046875	1.4157180786132812
3.6427741335169967	19535.80859375	1.411841869354248
3.6453984809594164	19619.681640625	1.4153605699539185
3.648022828401837	19628.572265625	1.4126650094985962
3.6506471758442567	19711.115234375	1.4135942459106445
3.6532715232866773	19592.599609375	1.409854769706726
3.655895870729097	19610.634765625	1.4113914966583252
3.6585202181715175	19624.515625	1.4108645915985107
3.661144565613937	19579.423828125	1.4072265625
3.6637689130563578	19620.841796875	1.4064218997955322
3.6663932604987775	19888.470703125	1.4149068593978882
3.669017607941198	19689.23046875	1.4047852754592896
3.6716419553836177	19590.03515625	1.400934100151062
3.6742663028260383	19619.298828125	1.3981882333755493
3.676890650268458	19788.70703125	1.4019020795822144
3.6795149977108785	19487.05859375	1.3905830383300781
3.682139345153298	19445.3125	1.3895591497421265
3.684763692595719	19532.73046875	1.391485571861267
3.6873880400381385	19600.931640625	1.3944345712661743
3.690012387480559	19510.900390625	1.3912711143493652
3.6926367349229796	19429.400390625	1.3872952461242676
3.6952610823653993	19529.80078125	1.3881418704986572
3.69788542980782	19607.923828125	1.392078161239624
3.7005097772502396	19909.703125	1.4041370153427124
3.70313412469266	19780.849609375	1.393776774406433
3.70575847213508	19735.916015625	1.3922210931777954
3.7083828195775004	19681.376953125	1.390358328819275
3.71100716701992	19616.388671875	1.3850876092910767
3.7136315144623406	19488.455078125	1.3765770196914673
3.7162558619047603	19508.73046875	1.3780542612075806
3.718880209347181	19667.927734375	1.383322834968567
3.7215045567896006	19630.70703125	1.379475474357605
3.724128904232021	19557.267578125	1.3749717473983765
3.726753251674441	19604.794921875	1.3776105642318726
3.7293775991168614	19726.119140625	1.3831403255462646
3.732001946559281	19305.421875	1.3619893789291382
3.7346262940017017	19600.650390625	1.3766051530838013
3.7372506414441213	19475.646484375	1.3706881999969482
3.739874988886542	19704.189453125	1.3763552904129028
3.7424993363289616	19710.220703125	1.3771955966949463
3.745123683771382	19499.818359375	1.3680847883224487
3.747748031213802	19602.9453125	1.3686317205429077
3.7503723786562224	19498.830078125	1.3620859384536743
3.752996726098642	19647.830078125	1.3709313869476318
3.7556210735410627	19648.5625	1.3676704168319702
3.7582454209834824	19778.83203125	1.3700504302978516
3.760869768425903	19600.80078125	1.3638091087341309
3.7634941158683226	19362.55078125	1.3624264001846313
3.766118463310743	19509.47265625	1.3834786415100098
3.768742810753163	19648.599609375	1.3993768692016602
3.7713671581955834	19656.982421875	1.417525291442871
3.773991505638003	19699.568359375	1.4428561925888062
3.7766158530804237	19607.712890625	1.4531364440917969
3.7792402005228434	19705.162109375	1.4730794429779053
3.781864547965264	19587.36328125	1.4826152324676514
3.7844888954076845	19549.8125	1.4925923347473145
3.787113242850104	19685.84375	1.5080779790878296
3.7897375902925248	19623.541015625	1.5149750709533691
3.7923619377349445	19632.537109375	1.5304709672927856
3.794986285177365	19293.263671875	1.5264149904251099
3.7976106326197847	19497.423828125	1.5421042442321777
3.8002349800622053	19866.017578125	1.5700963735580444
3.802859327504625	19407.98828125	1.5574429035186768
3.8054836749470455	19480.21875	1.569940447807312
3.808108022389465	19406.744140625	1.5751633644104004
3.810732369831886	19626.955078125	1.5937564373016357
3.8133567172743055	19493.9765625	1.592185616493225
3.815981064716726	19728.80078125	1.6116400957107544
3.8186054121591457	19608.806640625	1.6123850345611572
3.8212297596015663	19644.154296875	1.6199517250061035
3.823854107043986	19364.38671875	1.6121759414672852
3.8264784544864066	19324.9375	1.622598648071289
3.8291028019288262	19529.81640625	1.6399977207183838
3.831727149371247	19383.1640625	1.638274073600769
3.8343514968136665	19711.91015625	1.665953278541565
3.836975844256087	19600.44140625	1.669351577758789
3.8396001916985067	19749.1171875	1.6882911920547485
3.8422245391409273	19548.974609375	1.6819913387298584
3.844848886583347	19712.1171875	1.697829008102417
3.8474732340257676	19450.06640625	1.691225290298462
3.8500975814681873	19548.970703125	1.7066141366958618
3.852721928910608	19562.1640625	1.7145317792892456
3.8553462763530275	19665.515625	1.7310024499893188
3.857970623795448	19674.265625	1.7430522441864014
3.8605949712378678	19791.7734375	1.7570725679397583
3.8632193186802883	19749.283203125	1.7601317167282104
3.865843666122708	19547.69140625	1.7599468231201172
3.8684680135651286	19245.626953125	1.756255030632019
3.871092361007549	19411.91015625	1.775309681892395
3.873716708449969	19473.876953125	1.7846753597259521
3.8763410558923894	19564.203125	1.7986133098602295
3.878965403334809	19598.123046875	1.80586838722229
3.8815897507772297	19685.306640625	1.8191590309143066
3.8842140982196494	19402.248046875	1.8148995637893677
3.88683844566207	19352.572265625	1.8222479820251465
3.8894627931044896	19577.169921875	1.8429172039031982
3.89208714054691	19648.173828125	1.8501505851745605
3.89471148798933	19579.568359375	1.849279761314392
3.8973358354317504	19720.71484375	1.8613712787628174
3.89996018287417	19577.107421875	1.8559927940368652
3.9025845303165907	19621.07421875	1.8691108226776123
3.9052088777590104	19408.927734375	1.8596773147583008
3.907833225201431	19669.251953125	1.8724552392959595
3.9104575726438506	19569.970703125	1.8746856451034546
3.913081920086271	19205.720703125	1.8558353185653687
3.915706267528691	19585.55859375	1.8816734552383423
3.9183306149711115	19617.685546875	1.8885365724563599
3.920954962413531	19808.119140625	1.9010241031646729
3.9235793098559517	19840.51171875	1.9067609310150146
3.9262036572983714	19498.384765625	1.888756275177002
3.928828004740792	19481.185546875	1.8915873765945435
3.9314523521832117	19460.41015625	1.8967084884643555
3.9340766996256322	19535.8515625	1.9072484970092773
3.936701047068052	19538.517578125	1.908170223236084
3.9393253945104725	19777.33203125	1.9225739240646362
3.941949741952892	19760.208984375	1.927264928817749
3.9445740893953127	19523.01953125	1.9211459159851074
3.9471984368377324	19716.365234375	1.9351983070373535
3.949822784280153	19737.4375	1.9362716674804688
3.9524471317225727	19927.576171875	1.9548677206039429
3.9550714791649932	19850.931640625	1.9521605968475342
3.957695826607413	19605.115234375	1.9395872354507446
3.9603201740498335	19611.244140625	1.9428606033325195
3.962944521492254	19342.10546875	1.9277384281158447
3.9655688689346738	19340.1171875	1.9321794509887695
3.9681932163770943	19372.056640625	1.9392679929733276
3.970817563819514	19631.443359375	1.9576753377914429
3.9734419112619346	19833.818359375	1.9728606939315796
3.9760662587043543	19721.513671875	1.9698832035064697
3.978690606146775	19614.30078125	1.9712780714035034
3.9813149535891945	19683.87890625	1.9843287467956543
3.983939301031615	19700.955078125	1.9890636205673218
3.9865636484740348	19849.5546875	1.9989001750946045
3.9891879959164553	19771.396484375	1.9972448348999023
3.991812343358875	19787.80078125	2.00691294670105
3.9944366908012956	19315.2265625	1.98505699634552
3.9970610382437153	19375.095703125	1.9971779584884644
3.999685385686136	19647.611328125	2.0128815174102783
4.0023097331285555	19680.59375	2.0155601501464844
4.004934080570976	19755.859375	2.030510663986206
4.007558428013396	19466.892578125	2.0201215744018555
4.010182775455816	19700.2578125	2.0410633087158203
4.012807122898236	19905.099609375	2.0574705600738525
4.015431470340657	19814.890625	2.050734043121338
4.018055817783076	19793.013671875	2.046048164367676
4.020680165225497	19556.640625	2.0370256900787354
4.0233045126679166	19805.751953125	2.059593439102173
4.025928860110337	20029.833984375	2.0721077919006348
4.028553207552757	19725.5234375	2.061260938644409
4.031177554995177	19549.9921875	2.0595381259918213
4.033801902437597	19501.759765625	2.0569958686828613
4.036426249880018	19880.052734375	2.0852725505828857
4.039050597322437	19338.6015625	2.055176258087158
4.041674944764858	19544.15234375	2.0790493488311768
4.044299292207278	19806.1171875	2.1004631519317627
4.046923639649698	19231.80078125	2.064181089401245
4.049547987092119	19662.013671875	2.0968661308288574
4.052172334534538	19649.97265625	2.103288412094116
4.054796681976959	19893.16015625	2.125307559967041
4.057421029419379	20157.37109375	2.149177312850952
4.060045376861799	19749.880859375	2.128586530685425
4.062669724304219	19978.521484375	2.1560142040252686
4.0652940717466395	19662.576171875	2.1426169872283936
4.067918419189059	19570.541015625	2.140986919403076
4.07054276663148	19216.470703125	2.1266512870788574
4.073167114073899	19856.705078125	2.18188738822937
4.07579146151632	19910.111328125	2.187628984451294
4.07841580895874	19847.31640625	2.1914775371551514
4.08104015640116	19849.294921875	2.2023813724517822
4.08366450384358	19712.380859375	2.2028157711029053
4.0862888512860005	19521.064453125	2.2002406120300293
4.08891319872842	19558.2421875	2.21018385887146
4.091537546170841	19604.876953125	2.2213640213012695
4.09416189361326	19842.529296875	2.2511367797851562
4.096786241055681	19672.03515625	2.2463231086730957
4.099410588498102	19500.171875	2.2418806552886963
4.102034935940521	19629.880859375	2.260136604309082
4.104659283382942	19803.435546875	2.285395622253418
4.1072836308253615	19597.548828125	2.276146650314331
4.109907978267782	19606.083984375	2.288419723510742
4.112532325710202	19518.8671875	2.289102077484131
4.115156673152622	19856.16015625	2.326744794845581
4.117781020595042	19695.568359375	2.3194191455841064
4.120405368037463	19948.392578125	2.342142105102539
4.123029715479882	20064.013671875	2.367206573486328
4.125654062922303	19423.8203125	2.3347902297973633
4.1282784103647225	19647.623046875	2.365790605545044
4.130902757807143	20074.75	2.401364803314209
4.133527105249563	19760.755859375	2.3892099857330322
4.136151452691983	19487.29296875	2.3804328441619873
4.138775800134403	19040.369140625	2.3618125915527344
4.141400147576824	19303.2578125	2.3917031288146973
4.144024495019243	19309.81640625	2.401292085647583
4.146648842461664	19757.779296875	2.4508957862854004
4.149273189904084	19410.83984375	2.428330421447754
4.151897537346504	19273.119140625	2.4357757568359375
4.154521884788924	19313.310546875	2.4476914405822754
4.157146232231344	19274.130859375	2.448726177215576
4.159770579673764	19725.009765625	2.496166467666626
4.162394927116185	19759.1015625	2.506443500518799
4.165019274558604	19877.875	2.527731418609619
4.167643622001025	19989.904296875	2.548302173614502
4.170267969443445	19741.810546875	2.5401151180267334
4.172892316885865	19790.03125	2.5528035163879395
4.175516664328285	19716.60546875	2.552884101867676
4.178141011770705	19820.6171875	2.573262929916382
4.180765359213125	19482.421875	2.5537569522857666
4.183389706655546	19874.884765625	2.60482120513916
4.186014054097966	19551.11328125	2.588261127471924
4.188638401540386	19687.818359375	2.6106324195861816
4.1912627489828065	19378.72265625	2.6013987064361572
4.193887096425226	19384.896484375	2.6197991371154785
4.196511443867647	19884.806640625	2.6775074005126953
4.199135791310066	20022.107421875	2.6978886127471924
4.201760138752487	19682.771484375	2.689079761505127
4.204384486194907	19640.884765625	2.6987106800079346
4.207008833637327	19434.9609375	2.6900722980499268
4.209633181079747	19500.611328125	2.707575559616089
4.2122575285221675	19736.400390625	2.7419962882995605
4.214881875964587	19499.3359375	2.7405295372009277
4.217506223407008	19765.830078125	2.780946731567383
4.220130570849427	19812.65625	2.7995638847351074
4.222754918291848	19514.0078125	2.782979965209961
4.225379265734268	19848.8515625	2.824760675430298
4.228003613176688	19965.462890625	2.8550925254821777
4.230627960619108	19379.873046875	2.818161964416504
4.2332523080615285	19567.8984375	2.8485608100891113
4.235876655503948	19345.5078125	2.841754913330078
4.238501002946369	19609.306640625	2.887916088104248
4.2411253503887885	19613.978515625	2.8980038166046143
4.243749697831209	19960.806640625	2.94114089012146
4.246374045273629	19855.822265625	2.953171491622925
4.248998392716049	19544.34765625	2.9431469440460205
4.251622740158469	19102.470703125	2.9082908630371094
4.2542470876008895	19332.654296875	2.9438679218292236
4.256871435043309	19977.60546875	3.0205605030059814
4.25949578248573	19780.4765625	2.996077537536621
4.2621201299281495	19747.873046875	2.9998037815093994
4.26474447737057	19925.58984375	3.0274736881256104
4.26736882481299	19844.1875	3.031505823135376
4.26999317225541	19331.99609375	3.0042574405670166
4.27261751969783	19719.482421875	3.0575413703918457
4.275241867140251	19981.56640625	3.0993590354919434
4.277866214582671	19363.935546875	3.0440518856048584
4.280490562025091	20081.94140625	3.1218349933624268
4.283114909467511	19721.4375	3.1034457683563232
4.285739256909931	19152.005859375	3.0568833351135254
4.288363604352352	19722.310546875	3.117872714996338
4.290987951794771	19734.68359375	3.127568006515503
4.293612299237192	19308.68359375	3.1112284660339355
4.296236646679612	19432.23046875	3.137403726577759
4.298860994122032	19654.4921875	3.1649458408355713
4.301485341564452	19634.216796875	3.156651020050049
4.304109689006872	19572.443359375	3.153491973876953
4.306734036449292	19510.01953125	3.158339262008667
4.309358383891713	19431.796875	3.165531873703003
4.311982731334132	19474.61328125	3.174283981323242
4.314607078776553	19660.2421875	3.201058864593506
4.317231426218973	19445.4765625	3.178149461746216
4.319855773661393	20088.064453125	3.248149871826172
4.322480121103813	20304.30078125	3.2859339714050293
4.325104468546233	19617.548828125	3.22560715675354
4.327728815988653	19620.255859375	3.2317616939544678
4.330353163431074	19686.083984375	3.261445999145508
4.332977510873493	19589.943359375	3.263908624649048
4.335601858315914	19126.88671875	3.211897611618042
4.338226205758334	19530.68359375	3.2670536041259766
4.340850553200754	19559.541015625	3.273987054824829
4.343474900643174	19921.02734375	3.3392345905303955
4.3460992480855944	19851.099609375	3.3333089351654053
4.348723595528014	19644.87109375	3.3206286430358887
4.351347942970435	19599.955078125	3.3344318866729736
4.353972290412854	19961.453125	3.3612709045410156
4.356596637855275	20358.369140625	3.3948140144348145
4.359220985297695	19783.546875	3.3393805027008057
4.361845332740115	19561.89453125	3.3179965019226074
4.364469680182536	19682.5	3.3220906257629395
4.3670940276249555	19274.39453125	3.295116901397705
4.369718375067376	19179.056640625	3.2965645790100098
4.372342722509796	19682.025390625	3.3369433879852295
4.374967069952216	19506.26171875	3.3261878490448
4.377591417394636	19287.9921875	3.3085906505584717
4.3802157648370565	19460.3671875	3.3166494369506836
4.382840112279476	19262.73046875	3.2893781661987305
4.385464459721897	19885.314453125	3.3655033111572266
4.3880888071643165	19210.375	3.2943613529205322
4.390713154606737	19523.07421875	3.3330719470977783
4.393337502049157	19607.763671875	3.339461326599121
4.395961849491577	19644.173828125	3.3563361167907715
4.398586196933997	19226.6328125	3.323272705078125
4.401210544376418	19492.7734375	3.33246111869812
4.403834891818837	19636.046875	3.355633020401001
4.406459239261258	19028.111328125	3.295177459716797
4.4090835867036775	19861.8359375	3.3728177547454834
4.411707934146098	20006.1796875	3.3938913345336914
4.414332281588518	20321.4453125	3.4172585010528564
4.416956629030938	19906.142578125	3.3687806129455566
4.419580976473358	19712.224609375	3.364086866378784
4.422205323915779	19783.51171875	3.371382236480713
4.424829671358198	19992.8515625	3.4043760299682617
4.427454018800619	19983.78515625	3.389695167541504
4.4300783662430385	20515.337890625	3.441709041595459
4.432702713685459	19876.68359375	3.3794443607330322
4.435327061127879	19657.458984375	3.3637709617614746
4.437951408570299	19792.88671875	3.39508318901062
4.440575756012719	19705.7265625	3.3713107109069824
4.44320010345514	20268.287109375	3.4345242977142334
4.445824450897559	19505.251953125	3.358440637588501
4.44844879833998	19952.90625	3.4089162349700928
4.4510731457823995	19822.990234375	3.3858113288879395
4.45369749322482	19720.90625	3.3861441612243652
4.456321840667241	20048.681640625	3.425274133682251
4.45894618810966	19389.908203125	3.351391315460205
4.461570535552081	19852.615234375	3.4011409282684326
4.464194882994501	20243.556640625	3.4387216567993164
4.466819230436921	20073.53515625	3.4218807220458984
4.469443577879341	20020.451171875	3.4246175289154053
4.4720679253217615	20041.63671875	3.4189577102661133
4.474692272764181	19995.5234375	3.414832830429077
4.477316620206602	19549.171875	3.382000207901001
4.479940967649021	20332.0625	3.455779552459717
4.482565315091442	20046.91015625	3.420708179473877
4.485189662533862	19677.6796875	3.3974077701568604
4.487814009976282	19634.37109375	3.392094850540161
4.490438357418702	19905.958984375	3.42846417427063
4.4930627048611225	19409.32421875	3.377941608428955
4.495687052303542	19655.259765625	3.4063494205474854
4.498311399745963	19962.228515625	3.4264209270477295
4.500935747188382	19990.6484375	3.4277749061584473
4.503560094630803	19941.24609375	3.428391695022583
4.506184442073223	19627.767578125	3.3915138244628906
4.508808789515643	19917.0	3.4321610927581787
4.511433136958063	19850.44140625	3.4226760864257812
4.5140574844004835	19605.5078125	3.3874759674072266
4.516681831842903	19854.3828125	3.4098920822143555
4.519306179285324	19660.669921875	3.3994808197021484
4.521930526727743	19363.51171875	3.383169174194336
4.524554874170164	19719.021484375	3.4313313961029053
4.527179221612584	19695.5859375	3.4352164268493652
4.529803569055004	20178.390625	3.4991540908813477
4.532427916497424	19670.8984375	3.4474127292633057
4.5350522639398445	20277.529296875	3.516234874725342
4.537676611382264	20112.337890625	3.4966444969177246
4.540300958824685	19555.375	3.4475595951080322
4.542925306267105	19393.75	3.4369876384735107
4.545549653709525	20037.728515625	3.507789373397827
4.548174001151946	19666.59765625	3.463618516921997
4.550798348594365	19226.583984375	3.4349870681762695
4.553422696036786	19742.74609375	3.5008440017700195
4.5560470434792055	19759.224609375	3.482353687286377
4.558671390921626	19647.759765625	3.473145008087158
4.561295738364046	19788.20703125	3.4862349033355713
4.563920085806466	19933.3125	3.4918735027313232
4.566544433248886	19671.095703125	3.478010654449463
4.569168780691307	19586.98046875	3.4732091426849365
4.571793128133726	19192.375	3.4255826473236084
4.574417475576147	19547.216796875	3.46295166015625
4.5770418230185665	19585.927734375	3.4613451957702637
4.579666170460987	19949.7578125	3.503411293029785
4.582290517903407	18858.447265625	3.3750104904174805
4.584914865345827	19787.53125	3.4765942096710205
4.587539212788247	19840.2734375	3.4867544174194336
4.590163560230668	19272.46875	3.4247324466705322
4.592787907673087	19226.41015625	3.4216606616973877
4.595412255115508	20143.26953125	3.520975351333618
4.598036602557928	19982.408203125	3.496603488922119
4.600660950000348	19858.294921875	3.501073122024536
4.603285297442768	19834.251953125	3.5038557052612305
4.605909644885188	19693.013671875	3.4769530296325684
4.608533992327608	20114.470703125	3.520249128341675
4.611158339770029	19652.689453125	3.4546377658843994
4.613782687212448	19576.888671875	3.4533774852752686
4.616407034654869	19552.18359375	3.464409351348877
4.619031382097289	19638.806640625	3.4808335304260254
4.621655729539709	19528.5625	3.4671573638916016
4.624280076982129	19875.400390625	3.4982070922851562
4.626904424424549	20207.84765625	3.536038875579834
4.629528771866969	19942.251953125	3.5008187294006348
4.63215311930939	19938.14453125	3.503432035446167
4.63477746675181	20072.208984375	3.5166311264038086
4.63740181419423	19895.005859375	3.503200054168701
4.6400261616366505	20011.90625	3.513223886489868
4.64265050907907	19995.81640625	3.5051631927490234
4.645274856521491	19868.078125	3.5027995109558105
4.64789920396391	19591.802734375	3.4794719219207764
4.650523551406331	19631.66015625	3.492633819580078
4.653147898848751	20066.9296875	3.5114798545837402
4.655772246291171	20505.935546875	3.5554261207580566
4.658396593733591	20036.25	3.525134325027466
4.6610209411760115	19617.333984375	3.4910178184509277
4.663645288618431	19937.876953125	3.5198147296905518
4.666269636060852	20045.7421875	3.5199453830718994
4.6688939835032714	20200.326171875	3.5440940856933594
4.671518330945692	19985.337890625	3.5321826934814453
4.674142678388112	19717.078125	3.4966604709625244
4.676767025830532	20193.8515625	3.5393054485321045
4.679391373272952	20080.646484375	3.5355641841888428
4.6820157207153725	19606.953125	3.500800371170044
4.684640068157792	19761.283203125	3.514401912689209
4.687264415600213	19872.11328125	3.524709463119507
4.6898887630426325	19610.517578125	3.4983811378479004
4.692513110485053	20666.28125	3.6027190685272217
4.695137457927473	20064.71484375	3.5338339805603027
4.697761805369893	20701.353515625	3.6166720390319824
4.700386152812313	20487.90234375	3.582430839538574
4.7030105002547336	19833.994140625	3.5232038497924805
4.705634847697153	19690.25	3.518552541732788
4.708259195139574	19854.833984375	3.5307934284210205
4.7108835425819935	19765.916015625	3.533301591873169
4.713507890024414	19612.02734375	3.516901969909668
4.716132237466834	19883.244140625	3.5492055416107178
4.718756584909254	20107.302734375	3.573058605194092
4.721380932351675	19845.193359375	3.5250189304351807
4.724005279794095	20316.25390625	3.586884021759033
4.726629627236515	19970.1484375	3.5547189712524414
4.729253974678935	19868.375	3.553809881210327
4.731878322121355	20475.3671875	3.6101620197296143
4.734502669563775	20214.962890625	3.5901622772216797
4.737127017006196	19662.189453125	3.528958559036255
4.739751364448615	19654.4296875	3.5173120498657227
4.742375711891036	19793.26171875	3.544532299041748
4.745000059333456	19974.978515625	3.5539331436157227
4.747624406775876	20124.388671875	3.5778372287750244
4.750248754218296	20033.720703125	3.562502145767212
4.752873101660716	19867.91015625	3.5383777618408203
4.755497449103136	20036.765625	3.5687811374664307
4.758121796545557	20439.962890625	3.628803014755249
4.760746143987976	19698.11328125	3.5383129119873047
4.763370491430397	19845.16796875	3.55745530128479
4.765994838872817	20170.73046875	3.5897574424743652
4.768619186315237	20235.83203125	3.579301357269287
4.771243533757657	35159.0859375	5.053462028503418
4.773867881200077	20471.79296875	3.5547611713409424
4.776492228642497	20211.169921875	3.579723596572876
4.779116576084918	20698.63671875	3.6327261924743652
4.781740923527337	20444.017578125	3.6149487495422363
4.784365270969758	19976.130859375	3.574512243270874
4.786989618412178	20347.38671875	3.6042230129241943
4.789613965854598	20034.572265625	3.5625598430633545
4.792238313297018	20027.009765625	3.572430372238159
4.7948626607394385	20237.291015625	3.5947747230529785
4.797487008181858	20678.21875	3.6413180828094482
4.800111355624279	19895.73046875	3.5694055557250977
4.802735703066698	19438.916015625	3.5423924922943115
4.805360050509119	19698.9375	3.5683329105377197
4.807984397951539	20148.341796875	3.595580577850342
4.810608745393959	35139.3046875	5.1206135749816895
4.81323309283638	20095.900390625	3.589862823486328
4.8158574402787995	20061.177734375	3.609222888946533
4.81848178772122	19816.298828125	3.6090426445007324
4.82110613516364	19692.01953125	3.591155767440796
4.82373048260606	20388.28515625	3.676593065261841
4.82635483004848	20623.126953125	3.7250523567199707
4.8289791774909006	20172.234375	3.67668080329895
4.83160352493332	20518.638671875	3.742121696472168
4.834227872375741	20245.234375	3.716506242752075
4.8368522198181605	19430.423828125	3.6260104179382324
4.839476567260581	20760.494140625	3.7929563522338867
4.842100914703001	20236.65625	3.7230184078216553
4.844725262145421	20381.58203125	3.773728609085083
4.847349609587841	19801.736328125	3.7294883728027344
4.849973957030262	19642.1796875	3.7233901023864746
4.852598304472681	20202.5859375	3.7850518226623535
4.855222651915102	20409.29296875	3.815476655960083
4.8578469993575215	20233.21484375	3.820573329925537
4.860471346799942	19724.453125	3.7791213989257812
4.863095694242362	20035.76171875	3.8209991455078125
4.865720041684782	19751.955078125	3.7929046154022217
4.868344389127202	19684.04296875	3.7986977100372314
4.870968736569623	19732.50390625	3.8173182010650635
4.873593084012042	19981.966796875	3.8741254806518555
4.876217431454463	19917.744140625	3.869767665863037
4.8788417788968825	19872.939453125	3.861792802810669
4.881466126339303	20123.212890625	3.9029734134674072
4.884090473781723	20716.6640625	3.997400999069214
4.886714821224143	20409.341796875	3.980365037918091
4.889339168666563	20773.48828125	4.017598628997803
4.891963516108984	19939.04296875	3.9420506954193115
4.894587863551403	19964.41015625	3.977541923522949
4.897212210993824	19899.63671875	3.9735591411590576
4.8998365584362435	19936.4375	3.999513626098633
4.902460905878664	20485.17578125	4.082154750823975
4.905085253321085	20222.96875	4.057459354400635
4.907709600763504	19907.03515625	4.02756929397583
4.910333948205925	19771.751953125	4.030787944793701
4.912958295648345	20391.490234375	4.139950275421143
4.915582643090765	19969.060546875	4.100729465484619
4.918206990533185	20247.859375	4.126748085021973
4.9208313379756055	20734.337890625	4.188021183013916
4.923455685418025	20738.611328125	4.212240219116211
4.926080032860446	19989.306640625	4.133578777313232
4.928704380302865	20120.251953125	4.18839693069458
4.931328727745286	19396.919921875	4.119342803955078
4.933953075187706	19372.662109375	4.126804828643799
4.936577422630126	20221.408203125	4.253049373626709
4.939201770072546	20390.931640625	4.292649745941162
4.9418261175149665	20421.98828125	4.311072826385498
4.944450464957386	20280.384765625	4.2911882400512695
4.947074812399807	20224.40234375	4.318903923034668
4.949699159842226	19922.716796875	4.284046649932861
4.952323507284647	20355.771484375	4.361447811126709
4.954947854727067	20219.849609375	4.369849681854248
4.957572202169487	20398.98046875	4.411952495574951
4.960196549611907	19989.1953125	4.364391803741455
4.9628208970543275	19796.056640625	4.353453636169434
4.965445244496747	20517.69140625	4.471846103668213
4.968069591939168	20015.875	4.4097795486450195
4.970693939381587	20229.62109375	4.483887672424316
4.973318286824008	19923.7734375	4.437824726104736
4.975942634266428	20334.66796875	4.517280101776123
4.978566981708848	20315.46484375	4.520801067352295
4.981191329151268	20385.134765625	4.557083606719971
4.9838156765936885	20156.232421875	4.564071178436279
4.986440024036108	20036.23828125	4.556278705596924
4.989064371478529	29588.419921875	5.029353618621826
4.991688718920949	43317.30859375	6.7241530418396
4.994313066363369	20516.53515625	4.6847453117370605
4.99693741380579	20535.533203125	4.70194149017334
4.999561761248209	20175.486328125	4.670443058013916
5.00218610869063	20328.517578125	4.724958896636963
5.0048104561330495	19655.814453125	4.620035171508789
5.00743480357547	20613.42578125	4.788956642150879
5.01005915101789	20804.154296875	4.8520402908325195
5.01268349846031	19612.490234375	4.711596965789795
5.01530784590273	19880.15625	4.753693580627441
5.017932193345151	20610.642578125	4.895205974578857
5.02055654078757	20317.779296875	4.872574806213379
5.023180888229991	20163.392578125	4.874477863311768
5.0258052356724106	20661.380859375	4.978527545928955
5.028429583114831	20848.31640625	5.02047872543335
5.031053930557251	20316.892578125	4.960176467895508
5.033678277999671	20717.5625	5.029385089874268
5.036302625442091	20997.216796875	5.108675956726074
5.038926972884512	20254.888671875	5.051059722900391
5.041551320326931	20185.728515625	5.071761131286621
5.044175667769352	20326.396484375	5.123905658721924
5.046800015211772	20366.96484375	5.154780864715576
5.049424362654192	20653.490234375	5.203395366668701
5.052048710096612	20132.677734375	5.105600833892822
5.054673057539032	20628.359375	5.185535907745361
5.057297404981452	21086.376953125	5.266008377075195
5.059921752423873	20189.248046875	5.167907238006592
5.062546099866292	20996.0625	5.317707061767578
5.065170447308713	19651.333984375	5.089382171630859
5.067794794751133	19495.15625	5.096259593963623
5.070419142193553	20184.564453125	5.212844371795654
5.073043489635973	20254.076171875	5.256290912628174
5.075667837078393	19970.373046875	5.209803581237793
5.078292184520813	20110.734375	5.259631633758545
5.080916531963234	20227.412109375	5.313014030456543
5.083540879405654	20467.4140625	5.383544921875
5.086165226848074	19851.259765625	5.311017990112305
5.0887895742904945	19763.703125	5.353756904602051
5.091413921732914	20400.740234375	5.520580291748047
5.094038269175335	20013.341796875	5.459950923919678
5.096662616617754	20140.357421875	5.513759613037109
5.099286964060175	20594.771484375	5.63104772567749
5.101911311502595	21084.9921875	5.734325408935547
5.104535658945015	20854.09375	5.71597957611084
5.107160006387435	20655.3828125	5.738862037658691
5.1097843538298555	19998.095703125	5.670086860656738
5.112408701272275	19484.970703125	5.621201515197754
5.115033048714696	20025.4375	5.760263919830322
5.1176573961571155	20208.939453125	5.777004718780518
5.120281743599536	20526.494140625	5.90977668762207
5.122906091041956	19961.603515625	5.882317066192627
5.125530438484376	19218.935546875	5.790162563323975
5.128154785926796	20644.373046875	6.104870319366455
5.1307791333692165	20569.685546875	6.105493068695068
5.133403480811636	19547.380859375	5.974221229553223
5.136027828254057	19251.4375	5.961556911468506
5.1386521756964765	19823.23828125	6.120820045471191
5.141276523138897	21137.14453125	6.366652965545654
5.143900870581317	19972.3125	6.182361602783203
5.146525218023737	20135.55859375	6.280712127685547
5.149149565466157	20312.099609375	6.38200569152832
5.151773912908578	19600.97265625	6.296205997467041
5.154398260350997	19527.853515625	6.358776092529297
5.157022607793418	20459.361328125	6.596503257751465
5.1596469552358375	20818.140625	6.6686906814575195
5.162271302678258	20961.7890625	6.782753944396973
5.164895650120678	21149.642578125	6.872535228729248
5.167519997563098	20232.13671875	6.757835388183594
5.170144345005519	20198.29296875	6.810982704162598
5.172768692447939	20578.068359375	7.009213447570801
5.175393039890359	19823.23828125	6.866055488586426
5.178017387332779	20203.693359375	6.993300437927246
5.180641734775199	18576.12109375	6.787639617919922
5.183266082217619	19588.857421875	7.084869861602783
5.18589042966004	21298.279296875	7.49268913269043
5.188514777102459	20520.65625	7.406467437744141
5.19113912454488	21757.357421875	7.7262725830078125
5.1937634719873	19893.65625	7.407159805297852
5.19638781942972	19272.361328125	7.446144104003906
5.19901216687214	19848.91796875	7.622071743011475
5.20163651431456	19454.96484375	7.599968910217285
5.20426086175698	19811.41015625	7.836335182189941
5.206885209199401	19730.169921875	7.858922481536865
5.20950955664182	20164.0390625	8.072754859924316
5.212133904084241	20509.431640625	8.24827766418457
5.214758251526661	20276.349609375	8.412583351135254
5.217382598969081	21065.068359375	8.636336326599121
5.220006946411501	20038.654296875	8.390763282775879
5.222631293853921	19846.3828125	8.594931602478027
5.225255641296341	19816.69140625	8.664346694946289
5.227879988738762	21130.857421875	9.195113182067871
5.230504336181181	19876.1171875	8.96541690826416
5.233128683623602	19986.013671875	9.313156127929688
5.235753031066022	19009.001953125	9.080146789550781
5.238377378508442	18842.373046875	9.188794136047363
5.241001725950862	19634.390625	9.588983535766602
5.2436260733932825	20843.564453125	10.080954551696777
5.246250420835702	21367.640625	10.536463737487793
5.248874768278123	20765.0234375	10.458362579345703
5.251499115720542	20514.669921875	10.716706275939941
5.254123463162963	20720.189453125	10.896465301513672
5.256747810605383	22076.51171875	11.678144454956055
5.259372158047803	19310.42578125	11.194082260131836
5.261996505490224	19282.271484375	11.584651947021484
5.2646208529326435	19324.38671875	11.757808685302734
5.267245200375064	19320.849609375	12.007587432861328
5.269869547817484	20201.76953125	12.747594833374023
5.272493895259904	22021.423828125	13.78449535369873
5.275118242702324	21700.240234375	14.275296211242676
5.277742590144745	22004.314453125	14.578269004821777
5.280366937587164	22418.611328125	15.598533630371094
5.282991285029585	18326.173828125	14.628068923950195
5.2856156324720045	20787.6484375	16.556917190551758
5.288239979914425	22177.333984375	18.095382690429688
5.290864327356845	23189.05078125	19.726505279541016
5.293488674799265	19475.98828125	19.25196075439453
5.296113022241685	20223.396484375	21.59369659423828
5.298737369684106	20499.869140625	23.91707992553711
5.301361717126525	23282.537109375	28.302349090576172
5.303986064568946	22679.734375	33.05939483642578
5.3066104120113655	24029.11328125	46.0621223449707
5.309234759453786	13252.8974609375	50.84560012817383
